SIZES
  narena                15728640
  nbuffer               896368
  nplugin               0
  maxuse_stack          20968
  maxuse_arena          70344
  maxuse_con            17
  maxuse_efc            52
  solver_nisland        1
  ne                    0
  nf                    23
  nl                    8
  nefc                  46
  nnzJ                  1334
  ncon                  9
  nisland               0
  threadpool            0

TIMER
    0:  duration =  0.68       number = 4
    1:  duration =  0.67       number = 4
    2:  duration =  0          number = 0
    3:  duration =  0.42       number = 4
    4:  duration =  0.018      number = 4
    5:  duration =  0.0033     number = 4
    6:  duration =  0.2        number = 4
    7:  duration =  0.013      number = 4
    8:  duration =  0.033      number = 4
    9:  duration =  0.02       number = 4
    10:  duration =  0.33       number = 4
    11:  duration =  0.035      number = 4
    12:  duration =  0.00032    number = 4
    13:  duration =  0.031      number = 4
    14:  duration =  0.12       number = 4

SOLVER STAT
  solver_nisland = 1
  solver_fwdinv =   0         0       
  ISLAND 0
    solver_niter = 2
    solver_nnz = 841
      0:  improvement =  0.46        gradient =  0.0087      lineslope =  0       
          nactive = 46   nchange = 15   neval = 3   nupdate = 0
      1:  improvement =  9.3e-05     gradient =  9.5e-17     lineslope =  0       
          nactive = 46   nchange = 0   neval = 2   nupdate = 0

ENERGY =   0         0       

TIME =  1.2e+02 

QPOS
  -0.028   
   0.014   
   0.063   
   0.69    
  -0.073   
  -0.72    
  -0.095   
   0.081   
  -0.17    
  -1.6     
   0.58    
   0.51    
   0.51    
   0.03    
   0.17    
  -0.58    
   0.047   
  -0.87    
   0.51    
   0.036   
   0.06    
   0.21    
   0.008   
   0.00055 
   1.6     
   0.049   
   0.036   
   0.4     
   0.00072 
   1.6     

QVEL
   2.5e-05 
  -5.5e-06 
   0.00034 
  -0.00041 
  -0.00064 
   0.0037  
   0.00016 
   0.0002  
  -0.00077 
   0.0016  
  -0.00018 
   0.00025 
   0.0064  
   0.0018  
  -0.036   
  -0.012   
  -0.00012 
   0.00035 
  -0.0081  
   0.0032  
  -0.00014 
  -0.027   
   0.0037  
   0.0051  
   0.0014  
  -0.0012  
  -0.043   
  -0.0024  
   0.078   

QACC_WARMSTART
   0.014   
  -0.033   
   0.15    
  -0.039   
  -0.54    
   1.8     
   0.3     
   0.031   
  -0.4     
   0.46    
  -0.05    
   0.083   
   3.4     
   0.68    
  -18      
  -5.7     
  -0.036   
   0.21    
  -2.3     
   0.53    
   0.038   
   18      
   0.1     
  -17      
   1.7     
  -0.23    
  -33      
  -0.69    
   33      

CTRL
   0       
   0       
   0       
   0       
   0       
   0       
   0       
   0       
   0       
   0       
   0       
   0       
   0       
   0       
   0       
   0       
   0       
   0       
   0       
   0       
   0       
   0       
   0       

QFRC_APPLIED
   0       
   0       
   0       
   0       
   0       
   0       
   0       
   0       
   0       
   0       
   0       
   0       
   0       
   0       
   0       
   0       
   0       
   0       
   0       
   0       
   0       
   0       
   0       
   0       
   0       
   0       
   0       
   0       
   0       

XFRC_APPLIED
   0         0         0         0         0         0       
   0         0         0         0         0         0       
   0         0         0         0         0         0       
   0         0         0         0         0         0       
   0         0         0         0         0         0       
   0         0         0         0         0         0       
   0         0         0         0         0         0       
   0         0         0         0         0         0       
   0         0         0         0         0         0       
   0         0         0         0         0         0       
   0         0         0         0         0         0       
   0         0         0         0         0         0       
   0         0         0         0         0         0       
   0         0         0         0         0         0       
   0         0         0         0         0         0       
   0         0         0         0         0         0       
   0         0         0         0         0         0       
   0         0         0         0         0         0       
   0         0         0         0         0         0       
   0         0         0         0         0         0       
   0         0         0         0         0         0       
   0         0         0         0         0         0       
   0         0         0         0         0         0       
   0         0         0         0         0         0       
   0         0         0         0         0         0       

QACC
   0.014   
  -0.033   
   0.15    
  -0.039   
  -0.54    
   1.8     
   0.3     
   0.031   
  -0.4     
   0.46    
  -0.05    
   0.083   
   3.4     
   0.68    
  -18      
  -5.7     
  -0.036   
   0.21    
  -2.3     
   0.53    
   0.038   
   18      
   0.1     
  -17      
   1.7     
  -0.23    
  -33      
  -0.69    
   33      

SENSOR
   0.69    
  -0.073   
  -0.72    
  -0.095   
  -0.028   
   0.014   
   0.063   
  -0.00022 
   0.002   
  -0.0052  
  -0.00041 
   0.00013 
   9.5e-05 
   9.9     
   0.33    
  -0.37    
   0.014   
  -0.49    
  -0.12    
   0.96    
  -20      
   11      
  -8.1     
  -3.5     
   13      

XPOS
   0         0         0       
  -0.028     0.014     0.063   
   0.055     0.056     0.068   
   0.13      0.12      0.066   
   0.22      0.084     0.061   
   0.47     -0.007     0.047   
   0.92      0.071     0.035   
   0.92      0.071     0.035   
   0.026    -0.062     0.064   
   0.06     -0.15      0.058   
   0.16     -0.16      0.059   
   0.43     -0.17      0.046   
   0.88     -0.18      0.033   
   0.88     -0.18      0.033   
  -0.046     0.018     0.063   
  -0.3       0.23      0.053   
  -0.28      0.28      0.053   
  -0.16      0.3       0.05    
  -0.093     0.31      0.048   
   0.027     0.33      0.045   
  -0.37     -0.058     0.053   
  -0.38     -0.11      0.053   
  -0.26     -0.16      0.051   
  -0.2      -0.18      0.05    
  -0.087    -0.23      0.048   

XQUAT
   1         0         0         0       
   0.69     -0.073    -0.72     -0.095   
   0.72     -0.069    -0.69     -0.098   
   0.71     -0.13     -0.68     -0.16    
   0.39      0.39     -0.57     -0.61    
   0.54      0.55     -0.43     -0.48    
   0.63      0.65     -0.29     -0.32    
   0.45      0.78     -0.36     -0.24    
   0.7      -0.071    -0.71     -0.096   
   0.7      -0.01     -0.71     -0.035   
   0.66      0.2      -0.68     -0.24    
   0.68      0.2      -0.67     -0.23    
   0.33      0.084    -0.89     -0.29    
   0.3       0.16     -0.94     -0.061   
   0.69     -0.086    -0.71     -0.083   
   0.71     -0.083    -0.69     -0.085   
   0.71      0.055    -0.7       0.05    
   0.71      0.052    -0.7       0.052   
   0.71      0.052    -0.7       0.052   
   0.47     -0.45     -0.53      0.54    
   0.71     -0.084    -0.7      -0.085   
   0.7      -0.13     -0.69     -0.13    
   0.71     -0.27     -0.65      0.0093  
   0.71     -0.27     -0.65      0.0092  
   0.5      -0.65     -0.27      0.51    

XMAT
   1         0         0         0         1         0         0         0         1       
  -0.042     0.24     -0.97     -0.027     0.97      0.24      1         0.036    -0.035   
   0.036     0.24     -0.97     -0.046     0.97      0.23      1         0.036     0.046   
   0.036     0.4      -0.92     -0.046     0.92      0.4       1         0.028     0.052   
  -0.4       0.035    -0.92     -0.92     -0.048     0.4      -0.03      1         0.052   
   0.17      0.035    -0.98     -0.98     -0.048    -0.17     -0.053     1         0.027   
   0.63      0.035    -0.78     -0.78     -0.048    -0.63     -0.059     1        -0.0024  
   0.63     -0.35     -0.7      -0.78     -0.35     -0.53     -0.059     0.87     -0.49    
  -0.013     0.24     -0.97     -0.034     0.97      0.24      1         0.036    -0.0045  
  -0.013     0.063    -1        -0.034     1         0.063     1         0.035    -0.011   
  -0.046     0.045    -1        -0.58      0.81      0.063     0.81      0.58     -0.011   
   0.0016    0.045    -1        -0.58      0.81      0.036     0.81      0.58      0.028   
  -0.76      0.045    -0.64     -0.35      0.81      0.47      0.54      0.58     -0.61    
  -0.76     -0.27     -0.58     -0.35      0.94      0.015     0.54      0.21     -0.81    
  -0.034     0.24     -0.97      0.0083    0.97      0.24      1        -0.00015  -0.035   
   0.025     0.24     -0.97     -0.0059    0.97      0.24      1        -0.00013   0.025   
   0.025    -0.15     -0.99     -0.0059    0.99     -0.15      1         0.0094    0.024   
   0.023    -0.15     -0.99      0.0021    0.99     -0.15      1         0.0013    0.024   
   0.024    -0.15     -0.99      0.0022    0.99     -0.15      1         0.0013    0.024   
  -0.15     -0.026    -0.99      0.99      0.012    -0.15      0.016    -1         0.024   
   0.014     0.24     -0.97     -0.0033    0.97      0.24      1        -0.00015   0.015   
   0.014     0.37     -0.93     -0.0033    0.93      0.37      1        -0.0022    0.015   
   0.16      0.33     -0.93      0.36      0.86      0.37      0.92     -0.39      0.015   
   0.16      0.33     -0.93      0.36      0.86      0.37      0.92     -0.39      0.015   
   0.34     -0.15     -0.93      0.86     -0.35      0.37     -0.38     -0.92      0.015   

XIPOS
   0         0         0       
   0.036    -0.002     0.066   
   0.12      0.12      0.076   
   0.17      0.1       0.091   
   0.37      0.025     0.055   
   0.67      0.023     0.039   
   0.92      0.071     0.035   
   0.96      0.076     0.052   
   0.055    -0.15      0.069   
   0.11     -0.16      0.086   
   0.32     -0.17      0.053   
   0.63     -0.17      0.045   
   0.88     -0.18      0.033   
   0.89     -0.19      0.07    
  -0.24      0.066     0.057   
  -0.28      0.28      0.044   
  -0.19      0.3       0.054   
  -0.13      0.32      0.049   
  -0.092     0.31      0.047   
   0.19      0.36      0.036   
  -0.38     -0.11      0.044   
  -0.29     -0.14      0.055   
  -0.24     -0.18      0.057   
  -0.17     -0.19      0.046   
   0.068    -0.28      0.036   

XIMAT
   1         0         0         0         1         0         0         0         1       
  -0.042    -0.97     -0.24     -0.025     0.24     -0.97      1        -0.035    -0.034   
  -0.096    -0.87      0.48     -0.098    -0.47     -0.88      0.99     -0.13     -0.041   
  -0.45      0.27     -0.85     -0.18      0.9       0.39      0.87      0.33     -0.36    
   0.19      0.43     -0.88      0.21      0.86      0.46      0.96     -0.27      0.073   
   0.073    -0.14     -0.99      0.027     0.99     -0.13      1        -0.017     0.076   
   0.63     -0.78     -0.035    -0.78     -0.63      0.048    -0.059    -0.0024   -1       
  -0.69      0.49      0.54     -0.33      0.45     -0.83     -0.65     -0.75     -0.15    
  -0.11     -0.55     -0.83      0.081     0.82     -0.56      0.99     -0.13     -0.047   
  -0.42     -0.07     -0.91     -0.33      0.94      0.078     0.85      0.33     -0.41    
  -0.0098    0.12     -0.99      0.61      0.79      0.088     0.79     -0.61     -0.08    
  -0.0043    0.038    -1         0.77      0.64      0.021     0.64     -0.77     -0.032   
  -0.76     -0.64     -0.045    -0.35      0.47     -0.81      0.54     -0.61     -0.58    
  -0.51      0.14     -0.85      0.26     -0.91     -0.31     -0.82     -0.38      0.43    
  -0.028     0.24     -0.97      0.0021    0.97      0.24      1         0.0047   -0.028   
  -0.98     -0.15      0.16      0.2      -0.89      0.42      0.075     0.44      0.9     
  -0.14      0.34     -0.93      0.99      0.024    -0.14     -0.024    -0.94     -0.34    
   0.41      0.13     -0.9       0.84      0.33      0.43      0.35     -0.93      0.025   
   0.031    -0.041    -1        -0.05      1        -0.043     1         0.051     0.029   
   0.0056    0.093    -1         0.37     -0.93     -0.085    -0.93     -0.37     -0.039   
  -0.99     -0.088    -0.11      0.12     -0.91     -0.4      -0.061    -0.41      0.91    
   0.33      0.36     -0.87      0.94     -0.035     0.35      0.092    -0.93     -0.35    
  -0.29      0.0068   -0.96      0.55     -0.82     -0.17     -0.78     -0.57      0.23    
   0.18      0.24     -0.95      0.43      0.85      0.3       0.88     -0.46      0.053   
  -0.026    -0.4      -0.91     -0.18     -0.9       0.4      -0.98      0.18     -0.049   

XANCHOR
  -0.028     0.014     0.063   
   0.055     0.056     0.068   
   0.13      0.12      0.066   
   0.22      0.084     0.061   
   0.47     -0.007     0.047   
   0.92      0.071     0.035   
   0.92      0.071     0.035   
   0.026    -0.062     0.064   
   0.06     -0.15      0.058   
   0.16     -0.16      0.059   
   0.43     -0.17      0.046   
   0.88     -0.18      0.033   
   0.88     -0.18      0.033   
  -0.046     0.018     0.063   
  -0.3       0.23      0.053   
  -0.28      0.28      0.053   
  -0.16      0.3       0.05    
  -0.093     0.31      0.048   
   0.027     0.33      0.045   
  -0.37     -0.058     0.053   
  -0.38     -0.11      0.053   
  -0.26     -0.16      0.051   
  -0.2      -0.18      0.05    
  -0.087    -0.23      0.048   

XAXIS
   0         0         1       
   0.24      0.97      0.036   
   0.036    -0.046     1       
  -0.92      0.4       0.052   
   0.035    -0.048     1       
   0.035    -0.048     1       
   0.63     -0.78     -0.059   
   0.24      0.97      0.036   
  -0.013    -0.034     1       
  -1         0.063    -0.011   
   0.045     0.81      0.58    
   0.045     0.81      0.58    
  -0.76     -0.35      0.54    
  -0.97      0.24     -0.035   
   0.24      0.97     -0.00013 
   0.025    -0.0059    1       
  -0.99     -0.15      0.024   
  -0.15      0.99      0.0013  
  -0.99     -0.15      0.024   
   0.24      0.97     -0.00015 
   0.014    -0.0033    1       
  -0.93      0.37      0.015   
   0.33      0.86     -0.39    
  -0.93      0.37      0.015   

GEOM_XPOS
   0.001     0         0       
   0.033    -0.0014    0.066   
   0.033    -0.0014    0.066   
  -0.028     0.014     0.063   
   0.11      0.11      0.075   
   0.17      0.1       0.089   
   0.32      0.039     0.051   
   0.32      0.039     0.051   
   0.67      0.022     0.035   
   0.92      0.071     0.035   
   0.97      0.074     0.055   
   0.05     -0.14      0.068   
   0.1      -0.16      0.085   
   0.27     -0.16      0.063   
   0.27     -0.16      0.063   
   0.63     -0.17      0.048   
   0.88     -0.18      0.033   
   0.89     -0.19      0.08    
  -0.26      0.069     0.055   
  -0.26      0.069     0.055   
  -0.45      0.11      0.048   
  -0.45      0.11      0.048   
  -0.49      0.12      0.074   
  -0.49      0.12      0.074   
  -0.28      0.28      0.047   
  -0.28      0.28      0.047   
  -0.21      0.3       0.063   
  -0.21      0.3       0.063   
  -0.13      0.32      0.049   
  -0.13      0.32      0.049   
  -0.067     0.31      0.047   
  -0.067     0.31      0.047   
   0.088     0.34      0.045   
   0.088     0.34      0.045   
  -0.38     -0.11      0.05    
  -0.38     -0.11      0.05    
  -0.3      -0.14      0.059   
  -0.3      -0.14      0.059   
  -0.24     -0.18      0.057   
  -0.24     -0.18      0.057   
  -0.17     -0.19      0.048   
  -0.17     -0.19      0.048   
  -0.03     -0.25      0.048   
  -0.03     -0.25      0.048   

GEOM_XMAT
   1         0         0         0         1         0         0         0         1       
  -0.042    -0.97     -0.23     -0.027     0.23     -0.97      1        -0.035    -0.036   
  -0.042    -0.97     -0.23     -0.027     0.23     -0.97      1        -0.035    -0.036   
  -0.042     0.24     -0.97     -0.027     0.97      0.24      1         0.036    -0.035   
   0.061    -0.55     -0.83     -0.1       0.83     -0.55      0.99      0.12     -0.005   
   0.47     -0.35     -0.81      0.86      0.38      0.34      0.18     -0.86      0.48    
   0.11      0.35     -0.93     -0.0013    0.93      0.35      0.99     -0.039     0.11    
   0.11      0.35     -0.93     -0.0013    0.93      0.35      0.99     -0.039     0.11    
   0.14     -0.023    -0.99     -0.99     -0.056    -0.14     -0.052     1        -0.03    
   0.63     -0.78     -0.035    -0.78     -0.63      0.048    -0.059    -0.0024   -1       
  -0.65      0.35      0.67     -0.58      0.33     -0.74     -0.48     -0.88     -0.0096  
   0.034    -0.87      0.49      0.0032   -0.49     -0.87      1         0.031    -0.014   
   0.14     -0.41     -0.9       0.97      0.24      0.039     0.2      -0.88      0.43    
  -0.01      0.00076  -1         0.76      0.65     -0.0073    0.65     -0.76     -0.0073  
  -0.01      0.00076  -1         0.76      0.65     -0.0073    0.65     -0.76     -0.0073  
  -0.024     0.1      -0.99     -0.58      0.81      0.099     0.81      0.58      0.041   
  -0.76     -0.64     -0.045    -0.35      0.47     -0.81      0.54     -0.61     -0.58    
  -0.64      0.29     -0.72     -0.02     -0.93     -0.36     -0.77     -0.22      0.6     
  -0.034     0.24     -0.97      0.0083    0.97      0.24      1        -7.4e-05  -0.035   
  -0.034     0.24     -0.97      0.0083    0.97      0.24      1        -7.4e-05  -0.035   
  -0.1       0.17     -0.98      0.015     0.99      0.17      0.99      0.0031   -0.1     
  -0.1       0.17     -0.98      0.015     0.99      0.17      0.99      0.0031   -0.1     
   0.75      0.28     -0.6       0.097     0.85      0.52      0.65     -0.45      0.61    
   0.75      0.28     -0.6       0.097     0.85      0.52      0.65     -0.45      0.61    
   0.052    -0.98     -0.2       0.11      0.2      -0.97      0.99      0.029     0.12    
   0.052    -0.98     -0.2       0.11      0.2      -0.97      0.99      0.029     0.12    
   0.31     -0.18     -0.94      0.13      0.98     -0.14      0.94     -0.08      0.32    
   0.31     -0.18     -0.94      0.13      0.98     -0.14      0.94     -0.08      0.32    
  -0.66     -0.042    -0.75      0.75      0.015    -0.66      0.039    -1         0.022   
  -0.66     -0.042    -0.75      0.75      0.015    -0.66      0.039    -1         0.022   
  -0.17     -0.027    -0.98      0.99      0.0021   -0.17      0.0067   -1         0.026   
  -0.17     -0.027    -0.98      0.99      0.0021   -0.17      0.0067   -1         0.026   
  -0.023     0.15     -0.99      0.012    -0.99     -0.15     -1        -0.015     0.021   
  -0.023     0.15     -0.99      0.012    -0.99     -0.15     -1        -0.015     0.021   
   0.0094   -0.96     -0.26     -0.021     0.26     -0.96      1         0.015    -0.018   
   0.0094   -0.96     -0.26     -0.021     0.26     -0.96      1         0.015    -0.018   
   0.36     -0.31     -0.88      0.93      0.087     0.35     -0.032    -0.95      0.32    
   0.36     -0.31     -0.88      0.93      0.087     0.35     -0.032    -0.95      0.32    
   0.79     -0.14     -0.6       0.53     -0.35      0.77     -0.31     -0.93     -0.2     
   0.79     -0.14     -0.6       0.53     -0.35      0.77     -0.31     -0.93     -0.2     
   0.35     -0.16     -0.92      0.85     -0.36      0.39     -0.4      -0.92      0.007   
   0.35     -0.16     -0.92      0.85     -0.36      0.39     -0.4      -0.92      0.007   
  -0.15     -0.34     -0.93     -0.35     -0.86      0.37     -0.92      0.38      0.012   
  -0.15     -0.34     -0.93     -0.35     -0.86      0.37     -0.92      0.38      0.012   

SITE_XPOS
  -0.028     0.014     0.063   
   0.92      0.071     0.035   
   0.88     -0.18      0.033   

SITE_XMAT
  -0.042     0.24     -0.97     -0.027     0.97      0.24      1         0.036    -0.035   
   0.63     -0.35     -0.7      -0.78     -0.35     -0.53     -0.059     0.87     -0.49    
  -0.76     -0.27     -0.58     -0.35      0.94      0.015     0.54      0.21     -0.81    

LIGHT_XPOS
   0         0         5       
   0         0         4       

LIGHT_XDIR
   0         0        -1       
   0         0        -1       

SUBTREE_COM
   0.13     -0.0031    0.055   
   0.13     -0.0031    0.055   
   0.45      0.049     0.055   
   0.53      0.033     0.05    
   0.56      0.028     0.047   
   0.71      0.031     0.041   
   0.95      0.076     0.05    
   0.96      0.076     0.052   
   0.4      -0.17      0.056   
   0.49     -0.17      0.053   
   0.51     -0.17      0.051   
   0.67     -0.18      0.048   
   0.89     -0.19      0.066   
   0.89     -0.19      0.07    
  -0.21      0.066     0.052   
  -0.12      0.31      0.046   
  -0.064     0.32      0.047   
  -0.028     0.32      0.045   
  -0.024     0.32      0.044   
   0.19      0.36      0.036   
  -0.22     -0.17      0.046   
  -0.16     -0.2       0.047   
  -0.12     -0.21      0.045   
  -0.11     -0.21      0.044   
   0.068    -0.28      0.036   

CDOF
   0         0         0         1         0         0       
   0         0         0         0         1         0       
   0         0         0         0         0         1       
  -0.042    -0.027     1         0.017     0.16      0.0051  
   0.24      0.97      0.036    -0.0075    0.0078   -0.16    
  -0.97      0.24     -0.035    -0.0025   -0.014    -0.022   
   0.24      0.97      0.036    -0.01      0.0059   -0.09    
   0.036    -0.046     1         0.13      0.0059   -0.0043  
  -0.92      0.4       0.052     0.0022   -0.0094    0.11    
   0.035    -0.048     1        -0.0042   -0.34     -0.016   
   0.035    -0.048     1         0.073    -0.79     -0.04    
   0.63     -0.78     -0.059    -0.02      0.034    -0.66    
   0.24      0.97      0.036    -0.01      0.0059   -0.09    
  -0.013    -0.034     1        -0.15      0.072     0.00052 
  -1         0.063    -0.011     0.0014   -0.0038   -0.16    
   0.045     0.81      0.58     -0.087    -0.17      0.25    
   0.045     0.81      0.58     -0.086    -0.44      0.62    
  -0.76     -0.35      0.54     -0.11     -0.39     -0.4     
  -0.97      0.24     -0.035    -0.0025   -0.014    -0.022   
   0.24      0.97     -0.00013   0.0024   -0.00065  -0.47    
   0.025    -0.0059    1         0.29      0.42     -0.0047  
  -0.99     -0.15      0.024     0.0064    0.012     0.35    
  -0.15      0.99      0.0013    0.0073    0.0013   -0.18    
  -0.99     -0.15      0.024     0.0066    0.012     0.35    
   0.24      0.97     -0.00015   0.0024   -0.00066  -0.47    
   0.014    -0.0033    1        -0.11      0.51      0.0032  
  -0.93      0.37      0.015    -0.00069   0.0096   -0.29    
   0.33      0.86     -0.39      0.074    -0.13     -0.23    
  -0.93      0.37      0.015    -0.00081   0.0099   -0.29    

CINERT
   0         0         0         0         0         0         0         0         0         0       
   0.012     0.051     0.055    -4.5e-05   0.0048   -0.00019  -0.43      0.0049    0.051     4.5     
   0.035     0.0036    0.035     0.0042    0.0006   -0.0055   -0.03      0.26      0.045     2.2     
   0.0071    0.0027    0.0078   -0.002    -0.001    -0.0019    0.022     0.056     0.019     0.53    
   0.018     0.26      0.27     -0.0041    0.0037   -0.0014    0.89      0.1      -0.0012    3.7     
   0.0085    1.1       1.1      -0.058     0.036     0.002     2         0.099    -0.062     3.8     
   0.00052   0.053     0.053    -0.0049    0.0013    0.00013   0.067     0.0062   -0.0017    0.084   
   0.0061    0.43      0.44     -0.041     0.0016   -9.4e-05   0.52      0.051    -0.0017    0.64    
   0.047     0.016     0.061    -0.025     0.0022    0.0042   -0.17     -0.31      0.03      2.2     
   0.014     0.002     0.014    -0.0018    7.2e-05   0.0026   -0.012    -0.082     0.016     0.53    
   0.11      0.19      0.29      0.12     -0.0029   -0.00012   0.71     -0.61     -0.006     3.7     
   0.11      0.96      1.1       0.32      0.017    -0.0063    1.9      -0.64     -0.038     3.8     
   0.0028    0.048     0.05      0.011     0.0014   -0.00034   0.063    -0.015    -0.0018    0.084   
   0.023     0.37      0.39      0.09     -0.0064    0.002     0.48     -0.12      0.0094    0.64    
   0.09      1.4       1.5       0.26      0.0027   -0.00049  -3.6       0.65      0.014     9.5     
   0.089     0.19      0.28      0.13     -0.0049    0.0033   -0.45      0.31     -0.012     1.1     
   0.058     0.068     0.13      0.062    -0.00035   0.00019  -0.21      0.19     -0.00069   0.64    
   0.0094    0.0063    0.016     0.0077   -0.00014   0.00018  -0.023     0.029    -0.00055   0.088   
   0.16      0.087     0.24      0.11     -0.0028    0.004    -0.37      0.51     -0.013     1.6     
   0.89      0.82      0.89     -0.011     0.00051   0.0036    0.03      0.19     -0.0099    0.52    
   0.013     0.29      0.3      -0.058    -0.0059   -0.0012   -0.56     -0.11     -0.012     1.1     
   0.013     0.12      0.13     -0.039    -0.00019   2.1e-05  -0.27     -0.091    -0.00018   0.64    
   0.0027    0.012     0.014    -0.0056    7.9e-05   3.3e-05  -0.031    -0.015     0.00017   0.083   
   0.06      0.16      0.22     -0.093    -0.0042   -0.0027   -0.51     -0.31     -0.014     1.7     
   0.86      0.82      0.86     -0.0088   -0.00068  -0.0027   -0.034    -0.15     -0.0098    0.52    

ACTUATOR_LENGTH
   0.081   
  -0.17    
  -1.6     
   0.58    
   0.51    
   0.51    
   0.03    
   0.17    
  -0.58    
   0.047   
  -0.87    
   0.51    
   0.036   
   0.06    
   0.21    
   0.0081  
   0.00054 
   1.6     
   0.049   
   0.036   
   0.4     
   0.00073 
   1.6     

ACTUATOR_MOMENT
   0         0         0         0         0         0         1         0         0         0         0         0         0         0         0         0         0         0         0         0         0         0         0         0         0         0         0         0         0       
   0         0         0         0         0         0         0         1         0         0         0         0         0         0         0         0         0         0         0         0         0         0         0         0         0         0         0         0         0       
   0         0         0         0         0         0         0         0         1         0         0         0         0         0         0         0         0         0         0         0         0         0         0         0         0         0         0         0         0       
   0         0         0         0         0         0         0         0         0         1         0         0         0         0         0         0         0         0         0         0         0         0         0         0         0         0         0         0         0       
   0         0         0         0         0         0         0         0         0         0         1         0         0         0         0         0         0         0         0         0         0         0         0         0         0         0         0         0         0       
   0         0         0         0         0         0         0         0         0         0         0         1         0         0         0         0         0         0         0         0         0         0         0         0         0         0         0         0         0       
   0         0         0         0         0         0         0         0         0         0         0         0         1         0         0         0         0         0         0         0         0         0         0         0         0         0         0         0         0       
   0         0         0         0         0         0         0         0         0         0         0         0         0         1         0         0         0         0         0         0         0         0         0         0         0         0         0         0         0       
   0         0         0         0         0         0         0         0         0         0         0         0         0         0         1         0         0         0         0         0         0         0         0         0         0         0         0         0         0       
   0         0         0         0         0         0         0         0         0         0         0         0         0         0         0         1         0         0         0         0         0         0         0         0         0         0         0         0         0       
   0         0         0         0         0         0         0         0         0         0         0         0         0         0         0         0         1         0         0         0         0         0         0         0         0         0         0         0         0       
   0         0         0         0         0         0         0         0         0         0         0         0         0         0         0         0         0         1         0         0         0         0         0         0         0         0         0         0         0       
   0         0         0         0         0         0         0         0         0         0         0         0         0         0         0         0         0         0         1         0         0         0         0         0         0         0         0         0         0       
   0         0         0         0         0         0         0         0         0         0         0         0         0         0         0         0         0         0         0         1         0         0         0         0         0         0         0         0         0       
   0         0         0         0         0         0         0         0         0         0         0         0         0         0         0         0         0         0         0         0         1         0         0         0         0         0         0         0         0       
   0         0         0         0         0         0         0         0         0         0         0         0         0         0         0         0         0         0         0         0         0         1         0         0         0         0         0         0         0       
   0         0         0         0         0         0         0         0         0         0         0         0         0         0         0         0         0         0         0         0         0         0         1         0         0         0         0         0         0       
   0         0         0         0         0         0         0         0         0         0         0         0         0         0         0         0         0         0         0         0         0         0         0         1         0         0         0         0         0       
   0         0         0         0         0         0         0         0         0         0         0         0         0         0         0         0         0         0         0         0         0         0         0         0         1         0         0         0         0       
   0         0         0         0         0         0         0         0         0         0         0         0         0         0         0         0         0         0         0         0         0         0         0         0         0         1         0         0         0       
   0         0         0         0         0         0         0         0         0         0         0         0         0         0         0         0         0         0         0         0         0         0         0         0         0         0         1         0         0       
   0         0         0         0         0         0         0         0         0         0         0         0         0         0         0         0         0         0         0         0         0         0         0         0         0         0         0         1         0       
   0         0         0         0         0         0         0         0         0         0         0         0         0         0         0         0         0         0         0         0         0         0         0         0         0         0         0         0         1       

CRB
   0         0         0         0         0         0         0         0         0         0       
   2.6       7.5       8.5       0.76      0.043    -0.00049   2.7e-15  -1.1e-16  -4.2e-17   44      
   0.075     1.9       1.9      -0.11      0.043    -0.0067    3.5       0.57     -0.0029    11      
   0.041     1.9       1.9      -0.11      0.042    -0.0012    3.5       0.31     -0.048     8.8     
   0.033     1.9       1.9      -0.11      0.043     0.00064   3.5       0.26     -0.067     8.2     
   0.015     1.6       1.6      -0.1       0.039     0.0021    2.6       0.16     -0.066     4.5     
   0.0066    0.49      0.49     -0.046     0.0029    3.1e-05   0.59      0.057    -0.0034    0.72    
   0.0061    0.43      0.44     -0.041     0.0016   -9.4e-05   0.52      0.051    -0.0017    0.64    
   0.31      1.6       1.9       0.51      0.012     0.0021    2.9      -1.8       0.01      11      
   0.26      1.6       1.8       0.54      0.0093   -0.0022    3.1      -1.5      -0.02      8.8     
   0.25      1.6       1.8       0.54      0.0093   -0.0048    3.1      -1.4      -0.036     8.2     
   0.14      1.4       1.5       0.42      0.012    -0.0046    2.4      -0.78     -0.03      4.5     
   0.026     0.42      0.44      0.1      -0.0051    0.0017    0.55     -0.13      0.0076    0.72    
   0.023     0.37      0.39      0.09     -0.0064    0.002     0.48     -0.12      0.0094    0.64    
   2.2       4         4.6       0.36     -0.016     0.0044   -6         1.2      -0.058     18      
   1.2       1.2       1.6       0.3      -0.0077    0.011    -1         1.2      -0.036     4       
   1.1       0.98      1.3       0.17     -0.0028    0.008    -0.57      0.92     -0.024     2.9     
   1.1       0.91      1.2       0.11     -0.0025    0.0078   -0.36      0.73     -0.023     2.2     
   1         0.91      1.1       0.1      -0.0023    0.0076   -0.34      0.7      -0.023     2.2     
   0.89      0.82      0.89     -0.011     0.00051   0.0036    0.03      0.19     -0.0099    0.52    
   0.95      1.4       1.5      -0.2      -0.011    -0.0065   -1.4      -0.68     -0.036     4       
   0.93      1.1       1.2      -0.15     -0.005    -0.0053   -0.85     -0.56     -0.024     2.9     
   0.92      0.99      1.1      -0.11     -0.0048   -0.0053   -0.57     -0.47     -0.024     2.3     
   0.92      0.98      1.1      -0.1      -0.0049   -0.0054   -0.54     -0.46     -0.024     2.2     
   0.86      0.82      0.86     -0.0088   -0.00068  -0.0027   -0.034    -0.15     -0.0098    0.52    

QM
   44        0         0         0.74     -0.33     -0.11     -0.14      0.79     -0.022    -0.17     -0.0041   -0.0084   -0.04      0.15     -0.0054    0.033     0.021    -0.0058   -0.017    -0.025    -0.091     0.00074  -0.0079    0.00027  -0.025     0.25     -0.0036   -0.037    -0.0018  
   0         44        0         7         0.34     -0.6       0.19      3.6       0.041     1.1       0.022    -0.0082    0.17      3.7      -0.1       0.62      0.0027    0.021    -0.088     0.0061    0.63     -0.0044   -0.00098  -0.0027    0.0061    0.66     -0.0087   -0.072    -0.0044  
   0         0         44        0.22     -7        -0.96     -4.2       0.14     -0.7       0.057     0.0012    0.02     -4.3       0.13     -0.089    -0.87     -0.0054    0.0054   -0.13     -0.59      0.0059    0.0034   -0.15     -0.005    -0.7      -0.0014   -0.009    -0.19     -0.0035  
   0.74      7         0.22      9.6       0.07     -0.36      0.055     2.5       0.017     0.89      0.024    -0.0069   -0.0067    2.4      -0.057     0.46      0.0081    0.019     0.0041   -0.015     0.87      0.056    -0.012     0.057    -0.042     0.84      0.035    -0.37      0.035   
  -0.33      0.34     -7         0.07      8.7       0.58      2.7      -0.00051   0.54     -0.0035   -0.00033  -0.019     2.7       0.011     0.058     0.72      0.0076   -0.0048   -0.023     0.8       0.037    -0.31      0.78     -0.31      0.82      0.029     0.11      0.76      0.12    
  -0.11     -0.6      -0.96     -0.36      0.58      2.6       0.71     -0.18      0.16     -0.068    -0.0017   -0.006    -0.16     -0.12      0.011    -0.025     0.0003   -0.0004    2.2       0.19     -0.065     0.76      0.37      0.76     -0.17     -0.055     0.81     -0.13      0.81    
  -0.14      0.19     -4.2       0.055     2.7       0.71      2.4      -0.00011   0.49     -0.001    -0.00028  -0.017     0         0         0         0         0         0         0         0         0         0         0         0         0         0         0         0         0       
   0.79      3.6       0.14      2.5      -0.00051  -0.18     -0.00011   2         0.0029    0.71      0.021    -0.0063    0         0         0         0         0         0         0         0         0         0         0         0         0         0         0         0         0       
  -0.022     0.041    -0.7       0.017     0.54      0.16      0.49      0.0029    0.15      0.00091   0.00015  -0.0065    0         0         0         0         0         0         0         0         0         0         0         0         0         0         0         0         0       
  -0.17      1.1       0.057     0.89     -0.0035   -0.068    -0.001     0.71      0.00091   0.37      0.013    -0.0025    0         0         0         0         0         0         0         0         0         0         0         0         0         0         0         0         0       
  -0.0041    0.022     0.0012    0.024    -0.00033  -0.0017   -0.00028   0.021     0.00015   0.013     0.013     1.8e-06   0         0         0         0         0         0         0         0         0         0         0         0         0         0         0         0         0       
  -0.0084   -0.0082    0.02     -0.0069   -0.019    -0.006    -0.017    -0.0063   -0.0065   -0.0025    1.8e-06   0.011     0         0         0         0         0         0         0         0         0         0         0         0         0         0         0         0         0       
  -0.04      0.17     -4.3      -0.0067    2.7      -0.16      0         0         0         0         0         0         2.4       0.012     0.052     0.66      0.0071   -0.0045    0         0         0         0         0         0         0         0         0         0         0       
   0.15      3.7       0.13      2.4       0.011    -0.12      0         0         0         0         0         0         0.012     2.1      -0.047     0.41      0.0043    0.018     0         0         0         0         0         0         0         0         0         0         0       
  -0.0054   -0.1      -0.089    -0.057     0.058     0.011     0         0         0         0         0         0         0.052    -0.047     0.023     0.0092    0.00016   0.00026   0         0         0         0         0         0         0         0         0         0         0       
   0.033     0.62     -0.87      0.46      0.72     -0.025     0         0         0         0         0         0         0.66      0.41      0.0092    0.35      0.0061    0.0036    0         0         0         0         0         0         0         0         0         0         0       
   0.021     0.0027   -0.0054    0.0081    0.0076    0.0003    0         0         0         0         0         0         0.0071    0.0043    0.00016   0.0061    0.013    -7.5e-05   0         0         0         0         0         0         0         0         0         0         0       
  -0.0058    0.021     0.0054    0.019    -0.0048   -0.0004    0         0         0         0         0         0        -0.0045    0.018     0.00026   0.0036   -7.5e-05   0.011     0         0         0         0         0         0         0         0         0         0         0       
  -0.017    -0.088    -0.13      0.0041   -0.023     2.2       0         0         0         0         0         0         0         0         0         0         0         0         2.2       0.19     -0.065     0.76      0.37      0.76     -0.17     -0.055     0.81     -0.13      0.81    
  -0.025     0.0061   -0.59     -0.015     0.8       0.19      0         0         0         0         0         0         0         0         0         0         0         0         0.19      1         0.00042  -0.31      0.83     -0.31      0         0         0         0         0       
  -0.091     0.63      0.0059    0.87      0.037    -0.065     0         0         0         0         0         0         0         0         0         0         0         0        -0.065     0.00042   1        -0.0016   -0.0073   -0.00077   0         0         0         0         0       
   0.00074  -0.0044    0.0034    0.056    -0.31      0.76      0         0         0         0         0         0         0         0         0         0         0         0         0.76     -0.31     -0.0016    0.83      0.001     0.82      0         0         0         0         0       
  -0.0079   -0.00098  -0.15     -0.012     0.78      0.37      0         0         0         0         0         0         0         0         0         0         0         0         0.37      0.83     -0.0073    0.001     0.88      0.0014    0         0         0         0         0       
   0.00027  -0.0027   -0.005     0.057    -0.31      0.76      0         0         0         0         0         0         0         0         0         0         0         0         0.76     -0.31     -0.00077   0.82      0.0014    0.83      0         0         0         0         0       
  -0.025     0.0061   -0.7      -0.042     0.82     -0.17      0         0         0         0         0         0         0         0         0         0         0         0        -0.17      0         0         0         0         0         1        -0.00026   0.12      0.83      0.11    
   0.25      0.66     -0.0014    0.84      0.029    -0.055     0         0         0         0         0         0         0         0         0         0         0         0        -0.055     0         0         0         0         0        -0.00026   1        -0.0034   -0.35     -0.0017  
  -0.0036   -0.0087   -0.009     0.035     0.11      0.81      0         0         0         0         0         0         0         0         0         0         0         0         0.81      0         0         0         0         0         0.12     -0.0034    0.83      0.0019    0.82    
  -0.037    -0.072    -0.19     -0.37      0.76     -0.13      0         0         0         0         0         0         0         0         0         0         0         0        -0.13      0         0         0         0         0         0.83     -0.35      0.0019    0.88      0.0014  
  -0.0018   -0.0044   -0.0035    0.035     0.12      0.81      0         0         0         0         0         0         0         0         0         0         0         0         0.81      0         0         0         0         0         0.11     -0.0017    0.82      0.0014    0.83    

QLD
   41       -0.12     -0.015    -0.17     -0.21      0.029    -0.077     1.7      -0.18     -0.48     -0.3      -0.73     -0.048     0.075    -0.27      0.071     1.6      -0.51     -0.18     -0.18     -0.089     0.022    -0.009     0.00033  -0.62      0.26     -0.083    -0.042    -0.0022  
  -0.12      26        0.039    -1.1      -0.31      0.32      0.087     2.3       0.26      2.9       1.6      -0.72      0.48      1.9      -5.1       1.7       0.21      1.9      -0.5       0.014     0.62     -0.085    -0.0011   -0.0032   -1.3       0.69     -0.2      -0.082    -0.0054  
  -0.015     0.039     18       -0.019     2.5       0.1      -2.4       0.047    -4.8       0.17      0.089     1.7      -2.4       0.65     -2.9      -2.5      -0.4       0.47      0.11     -4.7       0.0049    0.39     -0.17     -0.0061   -3.9      -0.086    -0.26     -0.21     -0.0042  
  -0.17     -1.1      -0.019     2.3       0.09     -0.1       0.014     1.2       0.099     2.4       1.8      -0.61      0.011     1.2      -3         1.3       0.62      1.7       0.11      0.12      0.85      0.0074   -0.014     0.068     0.37      0.76      0.0087   -0.42      0.043   
  -0.21     -0.31      2.5       0.09      1         0.00012   1.2       0.0038    3.6      -0.021    -0.025    -1.6       1.2      -0.49      1.7       2         0.56     -0.42      0.052    -0.56      0.042    -0.15      0.89     -0.37     -0.28      0.37      0.034     0.86      0.14    
   0.029     0.32      0.1      -0.1       0.00012   0.16      0.23     -0.084     1.1      -0.19     -0.13     -0.52     -0.19     -0.042     0.52     -0.071     0.022    -0.035     0.96      1.3      -0.059     0.38      0.42      0.92     -0.91     -0.12      0.47     -0.15      0.98    
  -0.077     0.087    -2.4       0.014     1.2       0.23      0.8      -0.0026    3.3      -0.013    -0.021    -1.5       0         0         0         0         0         0         0         0         0         0         0         0         0         0         0         0         0       
   1.7       2.3       0.047     1.2       0.0038   -0.084    -0.0026    0.64      0.0027    1.9       1.5      -0.55      0         0         0         0         0         0         0         0         0         0         0         0         0         0         0         0         0       
  -0.18      0.26     -4.8       0.099     3.6       1.1       3.3       0.0027    0.15     -0.002     0.011    -0.57      0         0         0         0         0         0         0         0         0         0         0         0         0         0         0         0         0       
  -0.48      2.9       0.17      2.4      -0.021    -0.19     -0.013     1.9      -0.002     0.35      1        -0.22      0         0         0         0         0         0         0         0         0         0         0         0         0         0         0         0         0       
  -0.3       1.6       0.089     1.8      -0.025    -0.13     -0.021     1.5       0.011     1         0.013     0.00015   0         0         0         0         0         0         0         0         0         0         0         0         0         0         0         0         0       
  -0.73     -0.72      1.7      -0.61     -1.6      -0.52     -1.5      -0.55     -0.57     -0.22      0.00015   0.011     0         0         0         0         0         0         0         0         0         0         0         0         0         0         0         0         0       
  -0.048     0.48     -2.4       0.011     1.2      -0.19      0         0         0         0         0         0         0.88     -0.44      1.6       1.9       0.53     -0.39      0         0         0         0         0         0         0         0         0         0         0       
   0.075     1.9       0.65      1.2      -0.49     -0.042     0         0         0         0         0         0        -0.44      1.4      -2.5       1.1       0.33      1.6       0         0         0         0         0         0         0         0         0         0         0       
  -0.27     -5.1      -2.9      -3         1.7       0.52      0         0         0         0         0         0         1.6      -2.5       0.023     0.026     0.012     0.023     0         0         0         0         0         0         0         0         0         0         0       
   0.071     1.7      -2.5       1.3       2        -0.071     0         0         0         0         0         0         1.9       1.1       0.026     0.35      0.45      0.31      0         0         0         0         0         0         0         0         0         0         0       
   1.6       0.21     -0.4       0.62      0.56      0.022     0         0         0         0         0         0         0.53      0.33      0.012     0.45      0.013    -0.0066    0         0         0         0         0         0         0         0         0         0         0       
  -0.51      1.9       0.47      1.7      -0.42     -0.035     0         0         0         0         0         0        -0.39      1.6       0.023     0.31     -0.0066    0.011     0         0         0         0         0         0         0         0         0         0         0       
  -0.18     -0.5       0.11      0.11      0.052     0.96      0         0         0         0         0         0         0         0         0         0         0         0         0.24      1.3      -0.059     0.38      0.42      0.92     -0.91     -0.12      0.47     -0.15      0.98    
  -0.18      0.014    -4.7       0.12     -0.56      1.3       0         0         0         0         0         0         0         0         0         0         0         0         1.3       0.096     0.0066   -0.27      0.95     -0.37      0         0         0         0         0       
  -0.089     0.62      0.0049    0.85      0.042    -0.059     0         0         0         0         0         0         0         0         0         0         0         0        -0.059     0.0066    1        -0.039    -0.0083   -0.00093   0         0         0         0         0       
   0.022    -0.085     0.39      0.0074   -0.15      0.38      0         0         0         0         0         0         0         0         0         0         0         0         0.38     -0.27     -0.039     0.021    -0.00035   0.99      0         0         0         0         0       
  -0.009    -0.0011   -0.17     -0.014     0.89      0.42      0         0         0         0         0         0         0         0         0         0         0         0         0.42      0.95     -0.0083   -0.00035   0.88      0.0016    0         0         0         0         0       
   0.00033  -0.0032   -0.0061    0.068    -0.37      0.92      0         0         0         0         0         0         0         0         0         0         0         0         0.92     -0.37     -0.00093   0.99      0.0016    0.83      0         0         0         0         0       
  -0.62     -1.3      -3.9       0.37     -0.28     -0.91      0         0         0         0         0         0         0         0         0         0         0         0        -0.91      0         0         0         0         0         0.13      0.37      0.11      0.94      0.14    
   0.26      0.69     -0.086     0.76      0.37     -0.12      0         0         0         0         0         0         0         0         0         0         0         0        -0.12      0         0         0         0         0         0.37      0.9      -0.074    -0.4      -0.002   
  -0.083    -0.2      -0.26      0.0087    0.034     0.47      0         0         0         0         0         0         0         0         0         0         0         0         0.47      0         0         0         0         0         0.11     -0.074     0.021     0.00064   0.99    
  -0.042    -0.082    -0.21     -0.42      0.86     -0.15      0         0         0         0         0         0         0         0         0         0         0         0        -0.15      0         0         0         0         0         0.94     -0.4       0.00064   0.88      0.0017  
  -0.0022   -0.0054   -0.0042    0.043     0.14      0.98      0         0         0         0         0         0         0         0         0         0         0         0         0.98      0         0         0         0         0         0.14     -0.002     0.99      0.0017    0.83    

QLDIAGINV
   0.024   
   0.039   
   0.057   
   0.44    
   1       
   6.4     
   1.2     
   1.6     
   6.9     
   2.8     
   75      
   87      
   1.1     
   0.69    
   44      
   2.9     
   75      
   87      
   4.1     
   10      
   0.98    
   47      
   1.1     
   1.2     
   8       
   1.1     
   47      
   1.1     
   1.2     

QLDIAGSQRTINV
   0.16    
   0.2     
   0.24    
   0.66    
   1       
   2.5     
   1.1     
   1.2     
   2.6     
   1.7     
   8.6     
   9.3     
   1.1     
   0.83    
   6.6     
   1.7     
   8.7     
   9.3     
   2       
   3.2     
   0.99    
   6.9     
   1.1     
   1.1     
   2.8     
   1.1     
   6.9     
   1.1     
   1.1     

B_rownnz              29 29 12 12 12 12 12 12 12 12 12 12 12 12 17 12 12 12 12 12 12 12 12 12 12

B_rowadr              0 29 58 70 82 94 106 118 130 142 154 166 178 190 202 219 231 243 255 267 279 291 303 315 327

B_colind              0 1 2 3 4 5 6 7 8 9 10 11 12 13 14 15 16 17 18 19 20 21 22 23 24 25 26 27 28 0 1 2 3 4 5 6 7 8 9 10 11 12 13 14 15 16 17 18 19 20 21 22 23 24 25 26 27 28 0 1 2 3 4 5 6 7 8 9 10 11 0 1 2 3 4 5 6 7 8 9 10 11 0 1 2 3 4 5 6 7 8 9 10 11 0 1 2 3 4 5 6 7 8 9 10 11 0 1 2 3 4 5 6 7 8 9 10 11 0 1 2 3 4 5 6 7 8 9 10 11 0 1 2 3 4 5 12 13 14 15 16 17 0 1 2 3 4 5 12 13 14 15 16 17 0 1 2 3 4 5 12 13 14 15 16 17 0 1 2 3 4 5 12 13 14 15 16 17 0 1 2 3 4 5 12 13 14 15 16 17 0 1 2 3 4 5 12 13 14 15 16 17 0 1 2 3 4 5 18 19 20 21 22 23 24 25 26 27 28 0 1 2 3 4 5 18 19 20 21 22 23 0 1 2 3 4 5 18 19 20 21 22 23 0 1 2 3 4 5 18 19 20 21 22 23 0 1 2 3 4 5 18 19 20 21 22 23 0 1 2 3 4 5 18 19 20 21 22 23 0 1 2 3 4 5 18 24 25 26 27 28 0 1 2 3 4 5 18 24 25 26 27 28 0 1 2 3 4 5 18 24 25 26 27 28 0 1 2 3 4 5 18 24 25 26 27 28 0 1 2 3 4 5 18 24 25 26 27 28

C_rownnz              29 29 29 29 29 29 12 12 12 12 12 12 12 12 12 12 12 12 17 12 12 12 12 12 12 12 12 12 12

C_rowadr              0 29 58 87 116 145 174 186 198 210 222 234 246 258 270 282 294 306 318 335 347 359 371 383 395 407 419 431 443

C_colind              0 1 2 3 4 5 6 7 8 9 10 11 12 13 14 15 16 17 18 19 20 21 22 23 24 25 26 27 28 0 1 2 3 4 5 6 7 8 9 10 11 12 13 14 15 16 17 18 19 20 21 22 23 24 25 26 27 28 0 1 2 3 4 5 6 7 8 9 10 11 12 13 14 15 16 17 18 19 20 21 22 23 24 25 26 27 28 0 1 2 3 4 5 6 7 8 9 10 11 12 13 14 15 16 17 18 19 20 21 22 23 24 25 26 27 28 0 1 2 3 4 5 6 7 8 9 10 11 12 13 14 15 16 17 18 19 20 21 22 23 24 25 26 27 28 0 1 2 3 4 5 6 7 8 9 10 11 12 13 14 15 16 17 18 19 20 21 22 23 24 25 26 27 28 0 1 2 3 4 5 6 7 8 9 10 11 0 1 2 3 4 5 6 7 8 9 10 11 0 1 2 3 4 5 6 7 8 9 10 11 0 1 2 3 4 5 6 7 8 9 10 11 0 1 2 3 4 5 6 7 8 9 10 11 0 1 2 3 4 5 6 7 8 9 10 11 0 1 2 3 4 5 12 13 14 15 16 17 0 1 2 3 4 5 12 13 14 15 16 17 0 1 2 3 4 5 12 13 14 15 16 17 0 1 2 3 4 5 12 13 14 15 16 17 0 1 2 3 4 5 12 13 14 15 16 17 0 1 2 3 4 5 12 13 14 15 16 17 0 1 2 3 4 5 18 19 20 21 22 23 24 25 26 27 28 0 1 2 3 4 5 18 19 20 21 22 23 0 1 2 3 4 5 18 19 20 21 22 23 0 1 2 3 4 5 18 19 20 21 22 23 0 1 2 3 4 5 18 19 20 21 22 23 0 1 2 3 4 5 18 19 20 21 22 23 0 1 2 3 4 5 18 24 25 26 27 28 0 1 2 3 4 5 18 24 25 26 27 28 0 1 2 3 4 5 18 24 25 26 27 28 0 1 2 3 4 5 18 24 25 26 27 28 0 1 2 3 4 5 18 24 25 26 27 28

mapM2C                0 2 5 9 14 20 27 35 44 54 65 77 84 92 101 111 122 134 141 149 158 168 179 191 199 208 218 229 241 2 1 4 8 13 19 26 34 43 53 64 76 83 91 100 110 121 133 140 148 157 167 178 190 198 207 217 228 240 5 4 3 7 12 18 25 33 42 52 63 75 82 90 99 109 120 132 139 147 156 166 177 189 197 206 216 227 239 9 8 7 6 11 17 24 32 41 51 62 74 81 89 98 108 119 131 138 146 155 165 176 188 196 205 215 226 238 14 13 12 11 10 16 23 31 40 50 61 73 80 88 97 107 118 130 137 145 154 164 175 187 195 204 214 225 237 20 19 18 17 16 15 22 30 39 49 60 72 79 87 96 106 117 129 136 144 153 163 174 186 194 203 213 224 236 27 26 25 24 23 22 21 29 38 48 59 71 35 34 33 32 31 30 29 28 37 47 58 70 44 43 42 41 40 39 38 37 36 46 57 69 54 53 52 51 50 49 48 47 46 45 56 68 65 64 63 62 61 60 59 58 57 56 55 67 77 76 75 74 73 72 71 70 69 68 67 66 84 83 82 81 80 79 78 86 95 105 116 128 92 91 90 89 88 87 86 85 94 104 115 127 101 100 99 98 97 96 95 94 93 103 114 126 111 110 109 108 107 106 105 104 103 102 113 125 122 121 120 119 118 117 116 115 114 113 112 124 134 133 132 131 130 129 128 127 126 125 124 123 141 140 139 138 137 136 135 143 152 162 173 185 193 202 212 223 235 149 148 147 146 145 144 143 142 151 161 172 184 158 157 156 155 154 153 152 151 150 160 171 183 168 167 166 165 164 163 162 161 160 159 170 182 179 178 177 176 175 174 173 172 171 170 169 181 191 190 189 188 187 186 185 184 183 182 181 180 199 198 197 196 195 194 193 192 201 211 222 234 208 207 206 205 204 203 202 201 200 210 221 233 218 217 216 215 214 213 212 211 210 209 220 232 229 228 227 226 225 224 223 222 221 220 219 231 241 240 239 238 237 236 235 234 233 232 231 230

D_rownnz              29 29 29 29 29 29 12 12 12 12 12 12 12 12 12 12 12 12 17 12 12 12 12 12 12 12 12 12 12

D_rowadr              0 29 58 87 116 145 174 186 198 210 222 234 246 258 270 282 294 306 318 335 347 359 371 383 395 407 419 431 443

D_colind              0 1 2 3 4 5 6 7 8 9 10 11 12 13 14 15 16 17 18 19 20 21 22 23 24 25 26 27 28 0 1 2 3 4 5 6 7 8 9 10 11 12 13 14 15 16 17 18 19 20 21 22 23 24 25 26 27 28 0 1 2 3 4 5 6 7 8 9 10 11 12 13 14 15 16 17 18 19 20 21 22 23 24 25 26 27 28 0 1 2 3 4 5 6 7 8 9 10 11 12 13 14 15 16 17 18 19 20 21 22 23 24 25 26 27 28 0 1 2 3 4 5 6 7 8 9 10 11 12 13 14 15 16 17 18 19 20 21 22 23 24 25 26 27 28 0 1 2 3 4 5 6 7 8 9 10 11 12 13 14 15 16 17 18 19 20 21 22 23 24 25 26 27 28 0 1 2 3 4 5 6 7 8 9 10 11 0 1 2 3 4 5 6 7 8 9 10 11 0 1 2 3 4 5 6 7 8 9 10 11 0 1 2 3 4 5 6 7 8 9 10 11 0 1 2 3 4 5 6 7 8 9 10 11 0 1 2 3 4 5 6 7 8 9 10 11 0 1 2 3 4 5 12 13 14 15 16 17 0 1 2 3 4 5 12 13 14 15 16 17 0 1 2 3 4 5 12 13 14 15 16 17 0 1 2 3 4 5 12 13 14 15 16 17 0 1 2 3 4 5 12 13 14 15 16 17 0 1 2 3 4 5 12 13 14 15 16 17 0 1 2 3 4 5 18 19 20 21 22 23 24 25 26 27 28 0 1 2 3 4 5 18 19 20 21 22 23 0 1 2 3 4 5 18 19 20 21 22 23 0 1 2 3 4 5 18 19 20 21 22 23 0 1 2 3 4 5 18 19 20 21 22 23 0 1 2 3 4 5 18 19 20 21 22 23 0 1 2 3 4 5 18 24 25 26 27 28 0 1 2 3 4 5 18 24 25 26 27 28 0 1 2 3 4 5 18 24 25 26 27 28 0 1 2 3 4 5 18 24 25 26 27 28 0 1 2 3 4 5 18 24 25 26 27 28

mapM2D                0 2 5 9 14 20 27 35 44 54 65 77 84 92 101 111 122 134 141 149 158 168 179 191 199 208 218 229 241 2 1 4 8 13 19 26 34 43 53 64 76 83 91 100 110 121 133 140 148 157 167 178 190 198 207 217 228 240 5 4 3 7 12 18 25 33 42 52 63 75 82 90 99 109 120 132 139 147 156 166 177 189 197 206 216 227 239 9 8 7 6 11 17 24 32 41 51 62 74 81 89 98 108 119 131 138 146 155 165 176 188 196 205 215 226 238 14 13 12 11 10 16 23 31 40 50 61 73 80 88 97 107 118 130 137 145 154 164 175 187 195 204 214 225 237 20 19 18 17 16 15 22 30 39 49 60 72 79 87 96 106 117 129 136 144 153 163 174 186 194 203 213 224 236 27 26 25 24 23 22 21 29 38 48 59 71 35 34 33 32 31 30 29 28 37 47 58 70 44 43 42 41 40 39 38 37 36 46 57 69 54 53 52 51 50 49 48 47 46 45 56 68 65 64 63 62 61 60 59 58 57 56 55 67 77 76 75 74 73 72 71 70 69 68 67 66 84 83 82 81 80 79 78 86 95 105 116 128 92 91 90 89 88 87 86 85 94 104 115 127 101 100 99 98 97 96 95 94 93 103 114 126 111 110 109 108 107 106 105 104 103 102 113 125 122 121 120 119 118 117 116 115 114 113 112 124 134 133 132 131 130 129 128 127 126 125 124 123 141 140 139 138 137 136 135 143 152 162 173 185 193 202 212 223 235 149 148 147 146 145 144 143 142 151 161 172 184 158 157 156 155 154 153 152 151 150 160 171 183 168 167 166 165 164 163 162 161 160 159 170 182 179 178 177 176 175 174 173 172 171 170 169 181 191 190 189 188 187 186 185 184 183 182 181 180 199 198 197 196 195 194 193 192 201 211 222 234 208 207 206 205 204 203 202 201 200 210 221 233 218 217 216 215 214 213 212 211 210 209 220 232 229 228 227 226 225 224 223 222 221 220 219 231 241 240 239 238 237 236 235 234 233 232 231 230

mapD2M                0 30 29 60 59 58 90 89 88 87 120 119 118 117 116 150 149 148 147 146 145 180 179 178 177 176 175 174 193 192 191 190 189 188 187 186 206 205 204 203 202 201 200 199 198 219 218 217 216 215 214 213 212 211 210 232 231 230 229 228 227 226 225 224 223 222 245 244 243 242 241 240 239 238 237 236 235 234 252 251 250 249 248 247 246 265 264 263 262 261 260 259 258 278 277 276 275 274 273 272 271 270 291 290 289 288 287 286 285 284 283 282 304 303 302 301 300 299 298 297 296 295 294 317 316 315 314 313 312 311 310 309 308 307 306 324 323 322 321 320 319 318 342 341 340 339 338 337 336 335 355 354 353 352 351 350 349 348 347 368 367 366 365 364 363 362 361 360 359 381 380 379 378 377 376 375 374 373 372 371 394 393 392 391 390 389 388 387 386 385 384 383 402 401 400 399 398 397 396 395 415 414 413 412 411 410 409 408 407 428 427 426 425 424 423 422 421 420 419 441 440 439 438 437 436 435 434 433 432 431 454 453 452 451 450 449 448 447 446 445 444 443

QDERIV
   0         0         0         0         0         0         0         0         0         0         0         0         0         0         0         0         0         0         0         0         0         0         0         0         0         0         0         0         0       
   0         0         0         0         0         0         0         0         0         0         0         0         0         0         0         0         0         0         0         0         0         0         0         0         0         0         0         0         0       
   0         0         0         0         0         0         0         0         0         0         0         0         0         0         0         0         0         0         0         0         0         0         0         0         0         0         0         0         0       
   0         0         0         0         0         0         0         0         0         0         0         0         0         0         0         0         0         0         0         0         0         0         0         0         0         0         0         0         0       
   0         0         0         0         0         0         0         0         0         0         0         0         0         0         0         0         0         0         0         0         0         0         0         0         0         0         0         0         0       
   0         0         0         0         0         0         0         0         0         0         0         0         0         0         0         0         0         0         0         0         0         0         0         0         0         0         0         0         0       
   0         0         0         0         0         0         0         0         0         0         0         0         0         0         0         0         0         0         0         0         0         0         0         0         0         0         0         0         0       
   0         0         0         0         0         0         0         0         0         0         0         0         0         0         0         0         0         0         0         0         0         0         0         0         0         0         0         0         0       
   0         0         0         0         0         0         0         0         0         0         0         0         0         0         0         0         0         0         0         0         0         0         0         0         0         0         0         0         0       
   0         0         0         0         0         0         0         0         0         0         0         0         0         0         0         0         0         0         0         0         0         0         0         0         0         0         0         0         0       
   0         0         0         0         0         0         0         0         0         0         0         0         0         0         0         0         0         0         0         0         0         0         0         0         0         0         0         0         0       
   0         0         0         0         0         0         0         0         0         0         0         0         0         0         0         0         0         0         0         0         0         0         0         0         0         0         0         0         0       
   0         0         0         0         0         0         0         0         0         0         0         0         0         0         0         0         0         0         0         0         0         0         0         0         0         0         0         0         0       
   0         0         0         0         0         0         0         0         0         0         0         0         0         0         0         0         0         0         0         0         0         0         0         0         0         0         0         0         0       
   0         0         0         0         0         0         0         0         0         0         0         0         0         0         0         0         0         0         0         0         0         0         0         0         0         0         0         0         0       
   0         0         0         0         0         0         0         0         0         0         0         0         0         0         0         0         0         0         0         0         0         0         0         0         0         0         0         0         0       
   0         0         0         0         0         0         0         0         0         0         0         0         0         0         0         0         0         0         0         0         0         0         0         0         0         0         0         0         0       
   0         0         0         0         0         0         0         0         0         0         0         0         0         0         0         0         0         0         0         0         0         0         0         0         0         0         0         0         0       
   0         0         0         0         0         0         0         0         0         0         0         0         0         0         0         0         0         0         0         0         0         0         0         0         0         0         0         0         0       
   0         0         0         0         0         0         0         0         0         0         0         0         0         0         0         0         0         0         0         0         0         0         0         0         0         0         0         0         0       
   0         0         0         0         0         0         0         0         0         0         0         0         0         0         0         0         0         0         0         0         0         0         0         0         0         0         0         0         0       
   0         0         0         0         0         0         0         0         0         0         0         0         0         0         0         0         0         0         0         0         0         0         0         0         0         0         0         0         0       
   0         0         0         0         0         0         0         0         0         0         0         0         0         0         0         0         0         0         0         0         0         0         0         0         0         0         0         0         0       
   0         0         0         0         0         0         0         0         0         0         0         0         0         0         0         0         0         0         0         0         0         0         0         0         0         0         0         0         0       
   0         0         0         0         0         0         0         0         0         0         0         0         0         0         0         0         0         0         0         0         0         0         0         0         0         0         0         0         0       
   0         0         0         0         0         0         0         0         0         0         0         0         0         0         0         0         0         0         0         0         0         0         0         0         0         0         0         0         0       
   0         0         0         0         0         0         0         0         0         0         0         0         0         0         0         0         0         0         0         0         0         0         0         0         0         0         0         0         0       
   0         0         0         0         0         0         0         0         0         0         0         0         0         0         0         0         0         0         0         0         0         0         0         0         0         0         0         0         0       
   0         0         0         0         0         0         0         0         0         0         0         0         0         0         0         0         0         0         0         0         0         0         0         0         0         0         0         0         0       

QLU
   0         0         0         0         0         0         0         0         0         0         0         0         0         0         0         0         0         0         0         0         0         0         0         0         0         0         0         0         0       
   0         0         0         0         0         0         0         0         0         0         0         0         0         0         0         0         0         0         0         0         0         0         0         0         0         0         0         0         0       
   0         0         0         0         0         0         0         0         0         0         0         0         0         0         0         0         0         0         0         0         0         0         0         0         0         0         0         0         0       
   0         0         0         0         0         0         0         0         0         0         0         0         0         0         0         0         0         0         0         0         0         0         0         0         0         0         0         0         0       
   0         0         0         0         0         0         0         0         0         0         0         0         0         0         0         0         0         0         0         0         0         0         0         0         0         0         0         0         0       
   0         0         0         0         0         0         0         0         0         0         0         0         0         0         0         0         0         0         0         0         0         0         0         0         0         0         0         0         0       
   0         0         0         0         0         0         0         0         0         0         0         0         0         0         0         0         0         0         0         0         0         0         0         0         0         0         0         0         0       
   0         0         0         0         0         0         0         0         0         0         0         0         0         0         0         0         0         0         0         0         0         0         0         0         0         0         0         0         0       
   0         0         0         0         0         0         0         0         0         0         0         0         0         0         0         0         0         0         0         0         0         0         0         0         0         0         0         0         0       
   0         0         0         0         0         0         0         0         0         0         0         0         0         0         0         0         0         0         0         0         0         0         0         0         0         0         0         0         0       
   0         0         0         0         0         0         0         0         0         0         0         0         0         0         0         0         0         0         0         0         0         0         0         0         0         0         0         0         0       
   0         0         0         0         0         0         0         0         0         0         0         0         0         0         0         0         0         0         0         0         0         0         0         0         0         0         0         0         0       
   0         0         0         0         0         0         0         0         0         0         0         0         0         0         0         0         0         0         0         0         0         0         0         0         0         0         0         0         0       
   0         0         0         0         0         0         0         0         0         0         0         0         0         0         0         0         0         0         0         0         0         0         0         0         0         0         0         0         0       
   0         0         0         0         0         0         0         0         0         0         0         0         0         0         0         0         0         0         0         0         0         0         0         0         0         0         0         0         0       
   0         0         0         0         0         0         0         0         0         0         0         0         0         0         0         0         0         0         0         0         0         0         0         0         0         0         0         0         0       
   0         0         0         0         0         0         0         0         0         0         0         0         0         0         0         0         0         0         0         0         0         0         0         0         0         0         0         0         0       
   0         0         0         0         0         0         0         0         0         0         0         0         0         0         0         0         0         0         0         0         0         0         0         0         0         0         0         0         0       
   0         0         0         0         0         0         0         0         0         0         0         0         0         0         0         0         0         0         0         0         0         0         0         0         0         0         0         0         0       
   0         0         0         0         0         0         0         0         0         0         0         0         0         0         0         0         0         0         0         0         0         0         0         0         0         0         0         0         0       
   0         0         0         0         0         0         0         0         0         0         0         0         0         0         0         0         0         0         0         0         0         0         0         0         0         0         0         0         0       
   0         0         0         0         0         0         0         0         0         0         0         0         0         0         0         0         0         0         0         0         0         0         0         0         0         0         0         0         0       
   0         0         0         0         0         0         0         0         0         0         0         0         0         0         0         0         0         0         0         0         0         0         0         0         0         0         0         0         0       
   0         0         0         0         0         0         0         0         0         0         0         0         0         0         0         0         0         0         0         0         0         0         0         0         0         0         0         0         0       
   0         0         0         0         0         0         0         0         0         0         0         0         0         0         0         0         0         0         0         0         0         0         0         0         0         0         0         0         0       
   0         0         0         0         0         0         0         0         0         0         0         0         0         0         0         0         0         0         0         0         0         0         0         0         0         0         0         0         0       
   0         0         0         0         0         0         0         0         0         0         0         0         0         0         0         0         0         0         0         0         0         0         0         0         0         0         0         0         0       
   0         0         0         0         0         0         0         0         0         0         0         0         0         0         0         0         0         0         0         0         0         0         0         0         0         0         0         0         0       
   0         0         0         0         0         0         0         0         0         0         0         0         0         0         0         0         0         0         0         0         0         0         0         0         0         0         0         0         0       

CONTACT
  0:
     dim           1
     geoms         ground : 7
     exclude       0
     efc_address   31
     solref         0.02      1       
     solimp         0.9       0.95      0.001     0.5       2       
     dist          -0.00031 
     includemargin  0       
     pos            0.23      0.078    -0.00016 
     frame          0         0         1         0         1         0        -1         0         0       
     friction       1         1         0.005     0.0001    0.0001  
     mu             0       
  1:
     dim           3
     geoms         ground : 10
     exclude       0
     efc_address   32
     solref         0.011     1.5     
     solimp         0.9       0.95      0.001     0.5       2       
     dist          -0.00029 
     includemargin  0       
     pos            0.91      0.11     -0.00014 
     frame          0         0         1         0         1         0        -1         0         0       
     friction       1         1         0.2       0.2       0.2     
     mu             1       
  2:
     dim           1
     geoms         ground : 14
     exclude       0
     efc_address   36
     solref         0.02      1       
     solimp         0.9       0.95      0.001     0.5       2       
     dist          -0.00037 
     includemargin  0       
     pos            0.16     -0.15     -0.00018 
     frame          0         0         1         0         1         0        -1         0         0       
     friction       1         1         0.005     0.0001    0.0001  
     mu             0       
  3:
     dim           1
     geoms         ground : 14
     exclude       0
     efc_address   37
     solref         0.02      1       
     solimp         0.9       0.95      0.001     0.5       2       
     dist          -3.8e-05 
     includemargin  0       
     pos            0.43     -0.12     -1.9e-05 
     frame          0         0         1         0         1         0        -1         0         0       
     friction       1         1         0.005     0.0001    0.0001  
     mu             0       
  4:
     dim           3
     geoms         ground : 17
     exclude       0
     efc_address   38
     solref         0.011     1.5     
     solimp         0.9       0.95      0.001     0.5       2       
     dist          -0.00022 
     includemargin  0       
     pos            0.92     -0.21     -0.00011 
     frame          0         0         1         0         1         0        -1         0         0       
     friction       1         1         0.2       0.2       0.2     
     mu             1       
  5:
     dim           1
     geoms         ground : 19
     exclude       0
     efc_address   42
     solref         0.02      1       
     solimp         0.9       0.95      0.001     0.5       2       
     dist          -9.2e-05 
     includemargin  0       
     pos           -0.32      0.16     -4.6e-05 
     frame          0         0         1         0         1         0        -1         0         0       
     friction       1         1         0.005     0.0001    0.0001  
     mu             0       
  6:
     dim           1
     geoms         ground : 19
     exclude       0
     efc_address   43
     solref         0.02      1       
     solimp         0.9       0.95      0.001     0.5       2       
     dist          -7.4e-05 
     includemargin  0       
     pos           -0.35      0.03     -3.7e-05 
     frame          0         0         1         0         1         0        -1         0         0       
     friction       1         1         0.005     0.0001    0.0001  
     mu             0       
  7:
     dim           1
     geoms         ground : 31
     exclude       0
     efc_address   44
     solref         0.02      1       
     solimp         0.9       0.95      0.001     0.5       2       
     dist          -0.00029 
     includemargin  0       
     pos           -0.088     0.3      -0.00015 
     frame          0         0         1         0         1         0        -1         0         0       
     friction       1         1         0.005     0.0001    0.0001  
     mu             0       
  8:
     dim           1
     geoms         ground : 41
     exclude       0
     efc_address   45
     solref         0.02      1       
     solimp         0.9       0.95      0.001     0.5       2       
     dist          -0.0003  
     includemargin  0       
     pos           -0.19     -0.16     -0.00015 
     frame          0         0         1         0         1         0        -1         0         0       
     friction       1         1         0.005     0.0001    0.0001  
     mu             0       

EFC_TYPE
  1
  1
  1
  1
  1
  1
  1
  1
  1
  1
  1
  1
  1
  1
  1
  1
  1
  1
  1
  1
  1
  1
  1
  3
  3
  3
  3
  3
  3
  3
  3
  5
  6
  6
  6
  6
  5
  5
  6
  6
  6
  6
  5
  5
  5
  5

EFC_ID
  6
  7
  8
  9
  10
  11
  12
  13
  14
  15
  16
  17
  18
  19
  20
  21
  22
  23
  24
  25
  26
  27
  28
  2
  3
  5
  6
  11
  12
  17
  22
  0
  1
  1
  1
  1
  2
  3
  4
  4
  4
  4
  5
  6
  7
  8

EFC_J
   0         0         0         0         0         0         1         0         0         0         0         0         0         0         0         0         0         0         0         0         0         0         0         0         0         0         0         0         0       
   0         0         0         0         0         0         0         1         0         0         0         0         0         0         0         0         0         0         0         0         0         0         0         0         0         0         0         0         0       
   0         0         0         0         0         0         0         0         1         0         0         0         0         0         0         0         0         0         0         0         0         0         0         0         0         0         0         0         0       
   0         0         0         0         0         0         0         0         0         1         0         0         0         0         0         0         0         0         0         0         0         0         0         0         0         0         0         0         0       
   0         0         0         0         0         0         0         0         0         0         1         0         0         0         0         0         0         0         0         0         0         0         0         0         0         0         0         0         0       
   0         0         0         0         0         0         0         0         0         0         0         1         0         0         0         0         0         0         0         0         0         0         0         0         0         0         0         0         0       
   0         0         0         0         0         0         0         0         0         0         0         0         1         0         0         0         0         0         0         0         0         0         0         0         0         0         0         0         0       
   0         0         0         0         0         0         0         0         0         0         0         0         0         1         0         0         0         0         0         0         0         0         0         0         0         0         0         0         0       
   0         0         0         0         0         0         0         0         0         0         0         0         0         0         1         0         0         0         0         0         0         0         0         0         0         0         0         0         0       
   0         0         0         0         0         0         0         0         0         0         0         0         0         0         0         1         0         0         0         0         0         0         0         0         0         0         0         0         0       
   0         0         0         0         0         0         0         0         0         0         0         0         0         0         0         0         1         0         0         0         0         0         0         0         0         0         0         0         0       
   0         0         0         0         0         0         0         0         0         0         0         0         0         0         0         0         0         1         0         0         0         0         0         0         0         0         0         0         0       
   0         0         0         0         0         0         0         0         0         0         0         0         0         0         0         0         0         0         1         0         0         0         0         0         0         0         0         0         0       
   0         0         0         0         0         0         0         0         0         0         0         0         0         0         0         0         0         0         0         1         0         0         0         0         0         0         0         0         0       
   0         0         0         0         0         0         0         0         0         0         0         0         0         0         0         0         0         0         0         0         1         0         0         0         0         0         0         0         0       
   0         0         0         0         0         0         0         0         0         0         0         0         0         0         0         0         0         0         0         0         0         1         0         0         0         0         0         0         0       
   0         0         0         0         0         0         0         0         0         0         0         0         0         0         0         0         0         0         0         0         0         0         1         0         0         0         0         0         0       
   0         0         0         0         0         0         0         0         0         0         0         0         0         0         0         0         0         0         0         0         0         0         0         1         0         0         0         0         0       
   0         0         0         0         0         0         0         0         0         0         0         0         0         0         0         0         0         0         0         0         0         0         0         0         1         0         0         0         0       
   0         0         0         0         0         0         0         0         0         0         0         0         0         0         0         0         0         0         0         0         0         0         0         0         0         1         0         0         0       
   0         0         0         0         0         0         0         0         0         0         0         0         0         0         0         0         0         0         0         0         0         0         0         0         0         0         1         0         0       
   0         0         0         0         0         0         0         0         0         0         0         0         0         0         0         0         0         0         0         0         0         0         0         0         0         0         0         1         0       
   0         0         0         0         0         0         0         0         0         0         0         0         0         0         0         0         0         0         0         0         0         0         0         0         0         0         0         0         1       
   0         0         0         0         0         0         0         1         0         0         0         0         0         0         0         0         0         0         0         0         0         0         0         0         0         0         0         0         0       
   0         0         0         0         0         0         0         0         1         0         0         0         0         0         0         0         0         0         0         0         0         0         0         0         0         0         0         0         0       
   0         0         0         0         0         0         0         0         0         0        -1         0         0         0         0         0         0         0         0         0         0         0         0         0         0         0         0         0         0       
   0         0         0         0         0         0         0         0         0         0         0        -1         0         0         0         0         0         0         0         0         0         0         0         0         0         0         0         0         0       
   0         0         0         0         0         0         0         0         0         0         0         0         0         0         0         0         1         0         0         0         0         0         0         0         0         0         0         0         0       
   0         0         0         0         0         0         0         0         0         0         0         0         0         0         0         0         0        -1         0         0         0         0         0         0         0         0         0         0         0       
   0         0         0         0         0         0         0         0         0         0         0         0         0         0         0         0         0         0         0         0         0         0        -1         0         0         0         0         0         0       
   0         0         0         0         0         0         0         0         0         0         0         0         0         0         0         0         0         0         0         0         0         0         0         0         0         0         0        -1         0       
   0         0         1         0.0044   -0.24     -0.12     -0.17      0.0033   -0.0018    0         0         0         0         0         0         0         0         0         0         0         0         0         0         0         0         0         0         0         0       
   0         1         1         0.96     -0.84     -0.41     -0.77      0.82     -0.32      0.46     -0.0073    0.038     0         0         0         0         0         0         0         0         0         0         0         0         0         0         0         0         0       
   0        -1         1        -0.91     -0.94     -0.22     -0.87     -0.75     -0.28     -0.41      0.009    -0.0074    0         0         0         0         0         0         0         0         0         0         0         0         0         0         0         0         0       
  -1         0         1         0.11     -0.83     -0.3      -0.75      0.017    -0.27      0.14      0.035    -0.014     0         0         0         0         0         0         0         0         0         0         0         0         0         0         0         0         0       
   1         0         1        -0.07     -0.96     -0.32     -0.89      0.054    -0.32     -0.086    -0.033     0.045     0         0         0         0         0         0         0         0         0         0         0         0         0         0         0         0         0       
   0         0         1         0.012    -0.22      0.12      0         0         0         0         0         0        -0.15      0.0035   -0.0071    0         0         0         0         0         0         0         0         0         0         0         0         0         0       
   0         0         1         0.018    -0.48      0.025     0         0         0         0         0         0        -0.41      0.012    -0.054     0         0         0         0         0         0         0         0         0         0         0         0         0         0       
   0         1         1         0.98     -0.92     -0.11      0         0         0         0         0         0        -0.86      0.89     -0.071    -0.11     -0.0083    0.025     0         0         0         0         0         0         0         0         0         0         0       
   0        -1         1        -0.91     -1         0.083     0         0         0         0         0         0        -0.95     -0.83      0.064    -0.69     -0.055     0.036     0         0         0         0         0         0         0         0         0         0         0       
  -1         0         1        -0.19     -0.92      0.011     0         0         0         0         0         0        -0.85     -0.023     0.00084  -0.39     -0.018     0.0065    0         0         0         0         0         0         0         0         0         0         0       
   1         0         1         0.26     -1        -0.034     0         0         0         0         0         0        -0.96      0.083    -0.0076   -0.41     -0.045     0.055     0         0         0         0         0         0         0         0         0         0         0       
   0         0         1        -0.014     0.32     -0.074     0         0         0         0         0         0         0         0         0         0         0         0        -0.074     0         0         0         0         0         0         0         0         0         0       
   0         0         1        -0.0094    0.32      0.06      0         0         0         0         0         0         0         0         0         0         0         0         0.06      0         0         0         0         0         0         0         0         0         0       
   0         0         1        -0.014     0.13     -0.26      0         0         0         0         0         0         0         0         0         0         0         0        -0.26     -0.19      0.0015    0.014    -0.003     0         0         0         0         0         0       
   0         0         1         0.0028    0.12      0.2       0         0         0         0         0         0         0         0         0         0         0         0         0.2       0         0         0         0         0        -0.19     -6e-05    -0.025     0.00056   0       

EFC_POS
   0       
   0       
   0       
   0       
   0       
   0       
   0       
   0       
   0       
   0       
   0       
   0       
   0       
   0       
   0       
   0       
   0       
   0       
   0       
   0       
   0       
   0       
   0       
  -1.8e-05 
  -0.0019  
  -5.4e-05 
  -0.00059 
  -0.00096 
  -0.0011  
  -0.00054 
  -0.00073 
  -0.00031 
  -0.00029 
  -0.00029 
  -0.00029 
  -0.00029 
  -0.00037 
  -3.8e-05 
  -0.00022 
  -0.00022 
  -0.00022 
  -0.00022 
  -9.2e-05 
  -7.4e-05 
  -0.00029 
  -0.0003  

EFC_MARGIN
   0       
   0       
   0       
   0       
   0       
   0       
   0       
   0       
   0       
   0       
   0       
   0       
   0       
   0       
   0       
   0       
   0       
   0       
   0       
   0       
   0       
   0       
   0       
   0       
   0       
   0       
   0       
   0       
   0       
   0       
   0       
   0       
   0       
   0       
   0       
   0       
   0       
   0       
   0       
   0       
   0       
   0       
   0       
   0       
   0       
   0       

EFC_FRICTIONLOSS
   0.01    
   0.01    
   0.01    
   0.01    
   0.01    
   0.01    
   0.01    
   0.01    
   0.01    
   0.01    
   0.01    
   0.01    
   0.01    
   0.01    
   0.01    
   0.01    
   0.01    
   0.01    
   0.01    
   0.01    
   0.01    
   0.01    
   0.01    
   0       
   0       
   0       
   0       
   0       
   0       
   0       
   0       
   0       
   0       
   0       
   0       
   0       
   0       
   0       
   0       
   0       
   0       
   0       
   0       
   0       
   0       
   0       

EFC_DIAGAPPROX
   5.7     
   1.6     
   48      
   12      
   77      
   89      
   5.7     
   1.6     
   48      
   12      
   77      
   89      
   11      
   15      
   1.4     
   49      
   16      
   49      
   15      
   1.4     
   49      
   16      
   49      
   1.6     
   48      
   77      
   89      
   77      
   89      
   16      
   16      
   0.076   
   1.6     
   1.6     
   1.6     
   1.6     
   0.076   
   0.076   
   1.6     
   1.6     
   1.6     
   1.6     
   0.042   
   0.042   
   0.16    
   0.16    

EFC_KBIP
   0         1.1e+02   0.9       0       
   0         1.1e+02   0.9       0       
   0         1.1e+02   0.9       0       
   0         1.1e+02   0.9       0       
   0         1.1e+02   0.9       0       
   0         1.1e+02   0.9       0       
   0         1.1e+02   0.9       0       
   0         1.1e+02   0.9       0       
   0         1.1e+02   0.9       0       
   0         1.1e+02   0.9       0       
   0         1.1e+02   0.9       0       
   0         1.1e+02   0.9       0       
   0         1.1e+02   0.9       0       
   0         1.1e+02   0.9       0       
   0         1.1e+02   0.9       0       
   0         1.1e+02   0.9       0       
   0         1.1e+02   0.9       0       
   0         1.1e+02   0.9       0       
   0         1.1e+02   0.9       0       
   0         1.1e+02   0.9       0       
   0         1.1e+02   0.9       0       
   0         1.1e+02   0.9       0       
   0         1.1e+02   0.9       0       
   2.8e+03   1.1e+02   0.9      -3.7     
   2.8e+03   1.1e+02   0.95      0       
   2.8e+03   1.1e+02   0.9      -11      
   2.8e+03   1.1e+02   0.93     -82      
   2.8e+03   1.1e+02   0.95     -8       
   2.8e+03   1.1e+02   0.95      0       
   2.8e+03   1.1e+02   0.93     -93      
   2.8e+03   1.1e+02   0.94     -54      
   2.8e+03   1.1e+02   0.91     -63      
   4.5e+03   2e+02     0.91     -58      
   4.5e+03   2e+02     0.91     -58      
   4.5e+03   2e+02     0.91     -58      
   4.5e+03   2e+02     0.91     -58      
   2.8e+03   1.1e+02   0.91     -73      
   2.8e+03   1.1e+02   0.9      -7.6     
   4.5e+03   2e+02     0.9      -45      
   4.5e+03   2e+02     0.9      -45      
   4.5e+03   2e+02     0.9      -45      
   4.5e+03   2e+02     0.9      -45      
   2.8e+03   1.1e+02   0.9      -18      
   2.8e+03   1.1e+02   0.9      -15      
   2.8e+03   1.1e+02   0.91     -58      
   2.8e+03   1.1e+02   0.91     -59      

EFC_D
   1.6     
   5.6     
   0.19    
   0.77    
   0.12    
   0.1     
   1.6     
   5.6     
   0.19    
   0.77    
   0.12    
   0.1     
   0.82    
   0.59    
   6.5     
   0.18    
   0.56    
   0.19    
   0.59    
   6.6     
   0.18    
   0.55    
   0.19    
   5.6     
   0.4     
   0.12    
   0.16    
   0.24    
   0.21    
   0.8     
   1       
   1.3e+02 
   6.2     
   6.2     
   6.2     
   6.2     
   1.4e+02 
   1.2e+02 
   6       
   6       
   6       
   6       
   2.2e+02 
   2.1e+02 
   63      
   63      

EFC_R
   0.63    
   0.18    
   5.3     
   1.3     
   8.6     
   9.9     
   0.63    
   0.18    
   5.3     
   1.3     
   8.6     
   9.9     
   1.2     
   1.7     
   0.15    
   5.5     
   1.8     
   5.4     
   1.7     
   0.15    
   5.4     
   1.8     
   5.4     
   0.18    
   2.5     
   8.5     
   6.3     
   4.1     
   4.7     
   1.2     
   0.99    
   0.0076  
   0.16    
   0.16    
   0.16    
   0.16    
   0.0072  
   0.0084  
   0.17    
   0.17    
   0.17    
   0.17    
   0.0046  
   0.0047  
   0.016   
   0.016   

ACTUATOR_VELOCITY
  -0.0013  
   4.1e-05 
   0.0012  
  -0.00068 
   6.4e-05 
  -0.00016 
  -0.01    
  -0.0016  
   0.055   
   0.017   
   6.7e-05 
  -0.0007  
   0.0032  
   0.00057 
  -0.00033 
  -0.11    
   0.0032  
   0.089   
  -0.0072  
  -3.9e-05 
   0.12    
   0.00099 
  -0.087   

CVEL
   0         0         0         0         0         0       
   0.0056    0.00075   3.5e-05  -5e-05     0.00021  -0.00062 
   0.0053   -0.00056  -1.4e-05  -3.6e-05   0.0002   -0.0005  
   0.0053   -0.00056   2.7e-05  -3.1e-05   0.0002   -0.0005  
   0.0042   -8.8e-05   8.8e-05  -2.8e-05   0.00019  -0.00037 
   0.0041   -5.5e-05  -0.00059  -2.5e-05   0.00042  -0.00036 
   0.0041   -5.9e-05  -0.00052  -2.1e-05   0.00037  -0.00036 
   0.004     6.9e-05  -0.00051  -1.7e-05   0.00037  -0.00025 
   0.0031   -0.0094   -0.00034   5.9e-05   0.00015   0.00031 
   0.0031   -0.0093   -0.002     0.00031   3.1e-05   0.00031 
  -0.051    -0.0059   -0.0026    0.00038  -0.00018  -0.0082  
  -0.051     0.0076    0.0071   -0.0011   -0.0031   -0.004   
  -0.051     0.0077    0.0071   -0.0011   -0.0031   -0.004   
  -0.05      0.0079    0.0067   -0.00099  -0.0028   -0.0037  
   0.0025    0.0015   -7.6e-05  -5.8e-05   0.00017  -0.00069 
   0.0026    0.0021   -7.6e-05  -5.7e-05   0.00017  -0.00096 
   0.0026    0.0021   -0.00041  -0.00015   2.9e-05  -0.00096 
   0.12      0.019    -0.0031   -0.00088  -0.0014   -0.04    
   0.12      0.022    -0.0031   -0.00086  -0.0014   -0.041   
   0.027     0.0089   -0.00094  -0.00027  -0.00026  -0.01    
   0.00076  -0.0055   -7.4e-05  -7.6e-05   0.00017   0.0027  
   0.00076  -0.0055   -0.00011  -7.1e-05   0.00015   0.0027  
  -0.11      0.039     0.0017   -0.00016   0.0013   -0.032   
  -0.11      0.04      0.0013   -8.3e-05   0.0012   -0.033   
  -0.031     0.0082   -5e-05    -1.2e-05   0.00034  -0.0075  

CDOF_DOT
   0         0         0         0         0         0       
   0         0         0         0         0         0       
   0         0         0         0         0         0       
   0        -0         0         0.00015   6.2e-05   7.9e-06 
   0         0         0         0.0004   -9.4e-05  -8e-05   
  -0         0         0         9.1e-05   0.00039   0.00014 
  -6.5e-06  -0.00019   0.0052    0.00054   0.00035  -5.8e-05 
  -0.00056  -0.0052   -0.00022   0.00018   3.9e-05   9.6e-05 
  -4e-05    -0.0003    0.0016    0.00015  -0.00013   0.00012 
  -8.3e-05  -0.0042   -0.0002    0.00021   8.2e-05  -0.0014  
  -8.3e-05  -0.0042   -0.0002   -5.5e-05   0.00014  -0.0033  
  -0.0004   -8.1e-05  -0.0032   -0.00024   0.0025   -7.6e-05 
  -6.5e-06  -0.00019   0.0052    0.00054   0.00035  -5.8e-05 
  -0.0094   -0.0031   -0.00023   0.00018  -1.3e-05  -0.0012  
   0.00023   0.002    -0.0091    0.0014    0.00018   5.1e-05 
  -0.0013    0.03     -0.042     0.0046    0.013     0.0088  
  -0.0013    0.03     -0.042     0.0093    0.031     0.022   
   0.0066    0.022     0.023    -0.0033   -0.017     0.019   
  -3.4e-05   0.00016   0.002     0.00012   0.00072   0.00012 
   7.3e-05  -1.8e-05   0.002    -3.8e-05   0.001    -0.0001  
   0.0021   -0.0026   -6.6e-05   0.00018   2.4e-05   0.00049 
  -1.1e-05   0.00034   0.0017    0.00058   5e-05     7e-05   
   0.0031    0.0003    0.12      0.037     0.026    -0.0011  
   7.4e-05   0.00028   0.0048    0.0016    0.00076   5.5e-05 
   7.3e-05  -1.8e-05   0.002    -3.8e-05   0.001    -0.0001  
  -0.0055   -0.00076   7.7e-05   0.0002    0.00012  -0.0002  
  -3.9e-05   9.4e-05  -0.0049    0.00059  -0.0023    0.00012 
  -0.017    -0.044    -0.11      0.018    -0.036     0.011   
   0.00014   0.00053  -0.004     0.00044  -0.002     6.8e-06 

QFRC_BIAS
  -0.00052 
  -0.002   
   4.3e+02 
   2.2     
  -69      
  -9.4     
  -42      
   1.3     
  -6.9     
   0.56    
   0.012   
   0.19    
  -42      
   1.3     
  -0.88    
  -8.5     
  -0.053   
   0.053   
  -1.3     
  -5.8     
   0.059   
   0.033   
  -1.5     
  -0.049   
  -6.8     
  -0.014   
  -0.088   
  -1.8     
  -0.034   

QFRC_SPRING
   0       
   0       
   0       
   0       
   0       
   0       
   0       
   0       
   0       
   0       
   0       
   0       
   0       
   0       
   0       
   0       
   0       
   0       
   0       
   0       
   0       
   0       
   0       
   0       
   0       
   0       
   0       
   0       
   0       

QFRC_DAMPER
   0       
   0       
   0       
   0       
   0       
   0       
   1.3e-05 
  -4.1e-07 
  -1.2e-05 
   6.8e-06 
  -6.4e-07 
   1.6e-06 
   0.0001  
   1.6e-05 
  -0.00055 
  -0.00017 
  -6.7e-07 
   7e-06   
  -3.2e-05 
  -5.7e-06 
   3.3e-06 
   0.0011  
  -3.2e-05 
  -0.00089 
   7.2e-05 
   3.9e-07 
  -0.0012  
  -9.9e-06 
   0.00087 

QFRC_GRAVCOMP
   0       
   0       
   0       
   0       
   0       
   0       
   0       
   0       
   0       
   0       
   0       
   0       
   0       
   0       
   0       
   0       
   0       
   0       
   0       
   0       
   0       
   0       
   0       
   0       
   0       
   0       
   0       
   0       
   0       

QFRC_FLUID
   0       
   0       
   0       
   0       
   0       
   0       
   0       
   0       
   0       
   0       
   0       
   0       
   0       
   0       
   0       
   0       
   0       
   0       
   0       
   0       
   0       
   0       
   0       
   0       
   0       
   0       
   0       
   0       
   0       

QFRC_PASSIVE
   0       
   0       
   0       
   0       
   0       
   0       
   1.3e-05 
  -4.1e-07 
  -1.2e-05 
   6.8e-06 
  -6.4e-07 
   1.6e-06 
   0.0001  
   1.6e-05 
  -0.00055 
  -0.00017 
  -6.7e-07 
   7e-06   
  -3.2e-05 
  -5.7e-06 
   3.3e-06 
   0.0011  
  -3.2e-05 
  -0.00089 
   7.2e-05 
   3.9e-07 
  -0.0012  
  -9.9e-06 
   0.00087 

EFC_VEL
  -0.0013  
   4.1e-05 
   0.0012  
  -0.00068 
   6.4e-05 
  -0.00016 
  -0.01    
  -0.0016  
   0.055   
   0.017   
   6.7e-05 
  -0.0007  
   0.0032  
   0.00057 
  -0.00033 
  -0.11    
   0.0032  
   0.089   
  -0.0072  
  -3.9e-05 
   0.12    
   0.00099 
  -0.087   
   4.1e-05 
   0.0012  
  -6.4e-05 
   0.00016 
   6.7e-05 
   0.0007  
  -0.0032  
  -0.00099 
  -1.9e-05 
   0.00033 
  -5e-05   
   0.0001  
   0.00018 
  -0.00027 
  -0.00024 
  -9.5e-05 
   0.00046 
   0.00025 
   0.00011 
   0.00039 
   0.00011 
  -0.0014  
  -0.0022  

EFC_AREF
   0.14    
  -0.0043  
  -0.13    
   0.071   
  -0.0067  
   0.017   
   1.1     
   0.17    
  -5.8     
  -1.7     
  -0.007   
   0.074   
  -0.34    
  -0.06    
   0.035   
   12      
  -0.33    
  -9.4     
   0.76    
   0.0041  
  -13      
  -0.1     
   9.1     
   0.042   
   4.8     
   0.14    
   1.5     
   2.5     
   2.7     
   1.7     
   2       
   0.79    
   1.1     
   1.2     
   1.2     
   1.1     
   0.95    
   0.12    
   0.92    
   0.81    
   0.85    
   0.88    
   0.19    
   0.17    
   0.88    
   0.97    

SUBTREE_LINVEL
   0         0         0       
   0         0         0       
   0         0         0       
   0         0         0       
   0         0         0       
   0         0         0       
   0         0         0       
   0         0         0       
   0         0         0       
   0         0         0       
   0         0         0       
   0         0         0       
   0         0         0       
   0         0         0       
   0         0         0       
   0         0         0       
   0         0         0       
   0         0         0       
   0         0         0       
   0         0         0       
   0         0         0       
   0         0         0       
   0         0         0       
   0         0         0       
   0         0         0       

SUBTREE_ANGMOM
   0         0         0       
   0         0         0       
   0         0         0       
   0         0         0       
   0         0         0       
   0         0         0       
   0         0         0       
   0         0         0       
   0         0         0       
   0         0         0       
   0         0         0       
   0         0         0       
   0         0         0       
   0         0         0       
   0         0         0       
   0         0         0       
   0         0         0       
   0         0         0       
   0         0         0       
   0         0         0       
   0         0         0       
   0         0         0       
   0         0         0       
   0         0         0       
   0         0         0       

ACTUATOR_FORCE
   0       
   0       
   0       
   0       
   0       
   0       
   0       
   0       
   0       
   0       
   0       
   0       
   0       
   0       
   0       
   0       
   0       
   0       
   0       
   0       
   0       
   0       
   0       

QFRC_ACTUATOR
   0       
   0       
   0       
   0       
   0       
   0       
   0       
   0       
   0       
   0       
   0       
   0       
   0       
   0       
   0       
   0       
   0       
   0       
   0       
   0       
   0       
   0       
   0       
   0       
   0       
   0       
   0       
   0       
   0       

QFRC_SMOOTH
   0.00052 
   0.002   
  -4.3e+02 
  -2.2     
   69      
   9.4     
   42      
  -1.3     
   6.9     
  -0.56    
  -0.012   
  -0.19    
   42      
  -1.3     
   0.88    
   8.5     
   0.053   
  -0.053   
   1.3     
   5.8     
  -0.059   
  -0.032   
   1.5     
   0.049   
   6.8     
   0.014   
   0.087   
   1.8     
   0.035   

QACC_SMOOTH
   5.8e-06 
  -3.7e-05 
  -9.8     
  -8.4e-05 
  -2.9e-05 
   0.0022  
  -0.0003  
   0.00035 
  -0.0012  
   9.6e-05 
  -0.00016 
   0.00021 
   0.0012  
   0.0007  
  -0.027   
  -0.0021  
   0.00074 
   0.0031  
  -0.0019  
   0.0024  
  -0.00039 
   0.096   
  -0.0024  
  -0.095   
   0.0027  
  -0.00067 
  -0.098   
  -0.0028  
   0.097   

EFC_B
  -0.14    
   0.0047  
   0.12    
  -0.071   
   0.0065  
  -0.017   
  -1.1     
  -0.17    
   5.7     
   1.7     
   0.0078  
  -0.07    
   0.33    
   0.063   
  -0.035   
  -12      
   0.33    
   9.3     
  -0.76    
  -0.0048  
   13      
   0.1     
  -9       
  -0.041   
  -4.8     
  -0.14    
  -1.5     
  -2.5     
  -2.7     
  -1.7     
  -2       
  -11      
  -11      
  -11      
  -11      
  -11      
  -11      
  -9.9     
  -11      
  -11      
  -11      
  -11      
  -10      
  -10      
  -11      
  -11      

EFC_FORCE
  -0.01    
  -0.01    
   0.01    
  -0.01    
   0.005   
  -0.0067  
  -0.01    
  -0.01    
   0.01    
   0.01    
   0.0034  
  -0.01    
   0.01    
  -0.01    
  -0.01    
  -0.01    
  -0.01    
   0.01    
  -0.01    
   0.01    
   0.01    
   0.01    
  -0.01    
   0.058   
   2.1     
   0.011   
   0.25    
   0.63    
   0.63    
   1.5     
   1.3     
   1e+02   
   7.2     
   7.5     
   7.3     
   7.5     
   1.2e+02 
   6.2     
   5.3     
   5.6     
   5.4     
   5.5     
   37      
   47      
   32      
   32      

EFC_STATE
  3
  3
  2
  3
  1
  1
  3
  3
  2
  2
  1
  3
  2
  3
  3
  3
  3
  2
  3
  2
  2
  2
  3
  1
  1
  1
  1
  1
  1
  1
  1
  1
  1
  1
  1
  1
  1
  1
  1
  1
  1
  1
  1
  1
  1
  1

QFRC_CONSTRAINT
   0.36    
  -0.63    
   4.3e+02 
   1.5     
  -68      
  -10      
  -42      
   1.2     
  -6.9     
   0.57    
   0.013   
   0.19    
  -41      
   0.86    
  -1.2     
  -8.8     
  -0.068   
   0.029   
  -2       
  -6.1     
   0.039   
   0.46    
  -1.6     
   0.01    
  -6.1     
   0.0081  
  -0.77    
  -1.3     
  -0.01    

QFRC_INVERSE
   0       
   0       
   0       
   0       
   0       
   0       
   0       
   0       
   0       
   0       
   0       
   0       
   0       
   0       
   0       
   0       
   0       
   0       
   0       
   0       
   0       
   0       
   0       
   0       
   0       
   0       
   0       
   0       
   0       

CACC
   0         0         0        -0        -0         9.8     
  -1.9      -0.098    -0.12      0.013    -0.068     10      
  -1.8       0.2      -0.11      0.0095   -0.066     10      
  -1.8       0.19     -0.078     0.013    -0.066     10      
  -1.4       0.036    -0.098     0.013    -0.062     9.9     
  -1.4       0.014     0.36      0.011    -0.22      9.9     
  -1.4       0.017     0.31      0.007    -0.18      9.9     
  -1.4      -0.048     0.31      0.0054   -0.18      9.9     
  -1.1       3.2       0.0024   -0.023    -0.048     9.7     
  -1.1       3.2       0.68     -0.12      0.0013    9.7     
   17        2         0.87     -0.15      0.071     13      
   17       -2.6      -2.4       0.34      1.1       11      
   17       -2.6      -2.4       0.35      1.1       11      
   17       -2.7      -2.3       0.32      0.99      11      
   0.34     -0.63     -0.042     0.018    -0.037     10      
   0.46     -0.12     -0.042     0.02     -0.037     9.8     
   0.46     -0.12     -0.0036    0.031    -0.021     9.8     
  -17       -2.7       0.41      0.14      0.19      16      
  -17       -2.6       0.41      0.14      0.19      16      
  -0.26     -0.12      0.005     0.033    -0.014     10      
   0.75      1.1      -0.042     0.023    -0.038     9.2     
   0.74      1.1      -0.27      0.047    -0.15      9.2     
   32       -11       -0.76      0.07     -0.47      19      
   31       -12       -0.49      0.019    -0.38      19      
   0.58      0.45      0.019    -0.0077   -0.057     9.4     

CFRC_INT
   1.8e-14   4.7e-14   1.2e-15   1e-15    -2.2e-15  -4.6e-14 
   1.8e-14   4.7e-14   1.2e-15   1e-15    -2.2e-15  -4.6e-14 
  -6.1      -0.95      0.12     -0.11     -0.22     -26      
  -8.6      -1.2       0.12     -0.17     -0.16     -47      
  -9.2      -1         0.12     -0.18     -0.16     -52      
  -1.7      -2.7       0.21     -0.24      0.16      15      
  -2.7       17        0.3      -0.24      0.35     -22      
  -2.7       18        0.3      -0.24      0.35     -23      
   6.1      -5.4      -0.21     -0.33      0.7      -42      
   9.3      -7.1      -0.22     -0.37      0.78     -64      
   10       -7.2      -0.23     -0.41      0.77     -69      
  -2.9      -6.2      -0.39     -0.38     -0.22      22      
   3.1       12       -0.3      -0.22     -0.35     -15      
   3.3       12       -0.27     -0.22     -0.32     -15      
  -0.062     2         0.078     0.38     -0.33      23      
   2.2       2.8      -0.015     0.14     -0.096     7       
  -0.86     -1.6      -0.012     0.1      -0.08     -3.7     
  -2.8      -3.6      -0.0095    0.082    -0.068    -10      
  -3        -3.9      -0.0092    0.08     -0.066    -11      
   1.7      -0.39     -0.0029    0.018    -0.0099    5.2     
  -1.1       3.6       0.036     0.051    -0.027     6.9     
   0.046    -1.8       0.031     0.043    -0.018    -3.7     
   0.91     -4.5       0.02      0.038     0.0076   -9.8     
   1        -4.7       0.013     0.045     0.029    -11      
  -0.87      0.68      0.016    -0.0056   -0.025     4.9     

CFRC_EXT
   0         0         0         0         0         0       
   0         0         0         0         0         0       
   0         0         0         0         0         0       
   0         0         0         0         0         0       
   8.5      -11        0         0         0         1e+02   
   0         0         0         0         0         0       
   0         0         0         0         0         0       
   3.2      -23       -0.26      0.23     -0.3       30      
   0         0         0         0         0         0       
   0         0         0         0         0         0       
  -19       -5.4       0         0         0         1.3e+02 
   0         0         0         0         0         0       
   0         0         0         0         0         0       
  -4.4      -17       -0.24      0.13     -0.33      22      
   7.6       40        0         0         0         84      
   0         0         0         0         0         0       
   0         0         0         0         0         0       
   0         0         0         0         0         0       
   9.8       7.1       0         0         0         32      
   0         0         0         0         0         0       
   0         0         0         0         0         0       
   0         0         0         0         0         0       
   0         0         0         0         0         0       
  -4.9       10        0         0         0         32      
   0         0         0         0         0         0       

